name,category,website,delete,comments,city,lat,lon
3City.Media,mass_media,https://3city.media/,,main local interent media news,Gdańsk,"54,3549714","18,5944475"
Aesir Media Vikings,movie_television_studio,https://www.aesir.tv/,,,Gdańsk,"54,4046753","18,5762288"
Akademicki Chór Politechniki Gdańskiej,choir,http://chor.pg.edu.pl/,,,Gdańsk,"54,370798","18,6153593"
Alfa Warehouses,print_media,https://alfamagazyn.pl/,2,just a warehouse,Gdańsk,"54,340591","18,71905"
Amadeus - Akademia grania i muzykowania,music_school,http://www.amadeus-art.pl/index.php,,,Gdańsk,"54,40594","18,58504"
American Corner Gdansk,library,http://www.wbpg.org.pl/american_corner_gdansk,,,Gdańsk,"54,3512741","18,6439375"
Amfiteatr Orana - Park Oruński,theatre,Ingen webbplats,2,looks like playground,Gdańsk,"54,32146","18,6296"
Amfiteatr Orunia,theaters_and_performance_venues,Ingen webbplats,2,park????,Gdańsk,"54,3210385","18,6234453"
Antałki,print_media,https://antalki.com/,2,logistic company ,Gdańsk,"54,3927","18,60689"
Arbisz Jewellery,fashion,https://www.jubilerarbiszgdansk.pl/,,jewlery shop ,Gdańsk,"54,3503149","18,6523855"
Archiwum Państwowe w Gdańsku,history_museum,http://www.gdansk.ap.gov.pl,,state archive,Gdańsk,"54,357932","18,648114"
art24.pl,graphic_designer,http://art24.pl/,,,Gdańsk,"54,350212","18,6236382"
ASICS,designer_clothing,https://www.asics.com/,2,sport clothes shops,Gdańsk,"54,3183109","18,5520243"
Aspect,graphic_designer,https://aspect-creative.com/,,,Gdańsk,"54,3825638","18,6102233"
Ateco,fashion,Ingen webbplats,2,fire protection clothes ,Gdańsk,"54,3246816","18,6237138"
Avocado Pracownia Twórcza,graphic_designer,http://www.avocadopt.com/,,,Gdańsk,"54,3586189","18,6834997"
Azazyl Film,movie_television_studio,http://azazylfilm.pl/,,,Gdańsk,"54,3468052","18,5625006"
B85 Studio,movie_television_studio,https://www.b85studio.pl/,,,Gdańsk,"54,4044563","18,5817924"
B90 Club,music_venue,http://b90.pl/,,,Gdańsk,"54,3645896","18,6483604"
Balticprint,screen_printing_t_shirt_printing,http://www.balticprint.pl/,,,Gdańsk,"54,381289","18,6298092"
Banqsoft,vinyl_record_store,https://www.banqsoft.com/,,,Gdańsk,"54,386419","18,4652626"
Biblioteczka Osowska,library,Ingen webbplats,2,shop,Gdańsk,"54,4251194","18,4740953"
Biblioteczka w Kasztanowcu,library,Ingen webbplats,,community book box,Gdańsk,"54,2850066","18,6381361"
Biblioteka Akademii Muzycznej,library,http://biblioteka.amuz.gda.pl/,,,Gdańsk,"54,344738","18,6626996"
Biblioteka Gdańskich Szkół Autonomicznych,library,Ingen webbplats,2,"House of Literature under contructions (opens in 2027, maybe)",Gdańsk,"54,3559474","18,6562031"
Biblioteka Główna Uniwersytetu Gdańskiego,library,http://ug.edu.pl/uniwersytet/struktura_ug/library_university_gdansk,,,Gdańsk,"54,3971352","18,5745654"
Biblioteka Historii Kultury,library,https://etnologia.ug.edu.pl/biblioteka_antropologiczna,,,Gdańsk,"54,3537087","18,6474554"
Biblioteka Lawendowa,library,Ingen webbplats,,Lawendowa Library,Gdańsk,"54,3267329","18,5676964"
Biblioteka Manhattan,library,http://www.bibliotekamanhattan.pl,,,Gdańsk,"54,3772964","18,6072806"
Biblioteka Morskiej Szkoły Podstawowej w Gdańsku,library,"http://morskaszkola.pl/biblioteka,947,pl.html",,,Gdańsk,"54,3322802","18,5972196"
Biblioteka Oliwska,library,http://www.wbpg.org.pl/filia_nr_2,,,Gdańsk,"54,4097567","18,5642433"
Biblioteka Pilotów,library,Ingen webbplats,,Zaspa Library ,Gdańsk,"54,3924723","18,5970618"
Biblioteka pod Kotem i Mysza,library,http://www.wbpg.org.pl/filia_nr_7,,,Gdańsk,"54,383422","18,6134176"
Biblioteka pod Żółwiem,library,http://www.wbpg.org.pl/biblioteka_pod_zolwiem,,,Gdańsk,"54,3501967","18,6560166"
Biblioteka Politechniki Gdańskiej / Gdańsk Tech Library,library,http://pg.edu.pl/biblioteka-pg/,,,Gdańsk,"54,37161","18,61926"
"Biblioteka Publiczna nr.26, Gospody 3b",library,Ingen webbplats,,Misa Ceramika. Potery desing shop,Gdańsk,"54,4207903","18,5839392"
"Biblioteka Społeczna Stowarzyszenia ""Przyjazne Pomorze""",library,http://www.bibliotekapp.pl/,,,Gdańsk,"54,3605409","18,7119011"
Biblioteka Topolówka,library,http://lo3.edu.gdansk.pl/pl,,,Gdańsk,"54,3773","18,59564"
Biblioteka Ukraińska w Gdańsku,library,Ingen webbplats,,community centre,Gdańsk,"54,4040931","18,56505"
Biblioteka Uniwersytetu Gdańskiego,library,http://www.bg.ug.edu.pl/,,,Gdańsk,"54,3971486","18,5744551"
Biblioteka Uniwersytetu WSB Merito w Gdańsku,library,https://biblioteka.gdansk.merito.pl/?bID=93,,,Gdańsk,"54,3906","18,58492"
Biblioteka Zssims,library,Ingen webbplats,,school library ,Gdańsk,"54,41974","18,57289"
BigLetter - Biuro Tłumaczeń Gdańsk - Translation Office in Gdansk,vinyl_record_store,http://www.bigletter.pl/,2,translation office,Gdańsk,"54,403294","18,56978501"
Black Peak Records,music_production,Ingen webbplats,2,unclear,Gdańsk,"54,41387","18,59814"
Błękitny Baranek-Centrum Edukacji Archeologicznej,theatre,Ingen webbplats,2,hotel ,Gdańsk,"54,34484","18,6550699"
Boć Zielona Pracownia,landscaping,http://www.boc-pracownia.pl/,,,Gdańsk,"54,3368589","18,5860962"
Brama Żuraw,museum,http://www.restauracjazuraw.pl,2,restaurant,Gdańsk,"54,3504525","18,6573801"
BratBrat Studio,graphic_designer,http://www.bratbrat.pl/,,,Gdańsk,"54,3507512","18,6517655"
Bunkier,dance_club,https://bunkierclub.pl/,,,Gdańsk,"54,3545941","18,6547274"
BUZZArt,music_school,Ingen webbplats,,,Gdańsk,"54,3819202","18,6066208"
Carpe Diem Gdansk ,dance_club,http://www.carpediemgdansk.com/,,food and coctail bar,Gdańsk,"54,34983","18,64804"
Casa del Kieras Studio,music_production,Ingen webbplats,,no information ,Gdańsk,"54,4191093","18,5824032"
Centrum Kuźniczki,fashion,Ingen webbplats,2,small shopping mall,Gdańsk,"54,3817743","18,6084598"
Cewe Fotojoker,photography_store_and_services,https://fotojoker.pl/,,,Gdańsk,"54,3828258","18,6002232"
Chór Gdańskiego Uniwersytetu Medycznego,choir,http://chor.gumed.edu.pl/,,,Gdańsk,"54,3807106","18,6222214"
Chór św. Mikołaja,choir,https://gdansk.dominikanie.pl/kontakt/chor-sw-mikolaja/,,,Gdańsk,"54,35213","18,65143"
Cico,dance_club,http://www.cico.pl,2,real estate agency,Gdańsk,"54,3494977","18,6524279"
Cinema City Krewetka,drive_in_theater,http://www.cinema-city.pl,,multi screen cinema complex ,Gdańsk,"54,3548797","18,6466655"
Club Echo,dance_club,Ingen webbplats,,club echo,Gdańsk,"54,3500446","18,6466977"
Crackhouse,dance_club,http://www.crackhou.se/,2,"art. And exhibition venue, closed, future unknown ",Gdańsk,"54,3648922","18,6456553"
Credo Zakład Pogrzebowy - Usługi Pogrzebowe Gdańsk,landscape_architect,https://credo.gdansk.pl/,,,Gdańsk,"54,3835083","18,6208379"
Cubano Gdańsk,dance_club,http://www.cubanogdansk.pl/,,,Gdańsk,"54,3501688","18,6488748"
Custom 34,music_production,http://www.custom34.com/,,,Gdańsk,"54,4212855","18,4609369"
Cyfrowe.pl Centrala Gdańsk,photography_store_and_services,http://www.cyfrowe.pl/,,,Gdańsk,"54,3494355","18,6124473"
Cyman Records,music_and_dvd_store,https://cyman-records.com/,,,Gdańsk,"54,3772538","18,609096"
DAC.digital,newspaper_and_magazines_store,https://dac.digital/,,,Gdańsk,"54,4030487","18,5724666"
Danzig - Westerplatte,history_museum,Ingen webbplats,,,Gdańsk,"54,4065375","18,6670022"
DeJa Vu Muzeum,museum,http://www.dejavumuzeum.pl/,,virtual art museum,Gdańsk,"54,3472978","18,663263"
DETEKT Usługi Archeologiczne,history_museum,https://www.detekt.com.pl/,,archeological services,Gdańsk,"54,3377468","18,5852876"
Diamenty Kamila Jarczewska,fashion,http://Instagram.com/Diamentyjarczewska,,jewlery shop ,Gdańsk,"54,35176","18,65042"
Dni Muzyki Nowej,music_venue,http://klubzak.com.pl/,,and culture centre + cinema,Gdańsk,"54,3870407","18,5924114"
Dom Liter,graphic_designer,Ingen webbplats,,,Gdańsk,"54,35052","18,64995"
Dom Sąsiedzki Nasze Ujeścisko,library,http://www.naszeujescisko.pl/,,local culture centre,Gdańsk,"54,3289926","18,5874784"
Dom Uphagena,museum,https://muzeumgdansk.pl/,,city museum,Gdańsk,"54,3492602","18,6492255"
Domówka Studio,dance_club,http://www.domowkastudio.pl/,,,Gdańsk,"54,3345655","18,635772"
Drukomania.pl,graphic_designer,http://drukomania.pl/,,printing services,Gdańsk,"54,33965","18,56324"
Dwor Artusa,history_museum,http://www.muzeumgdansk.pl/,,same as 75,Gdańsk,"54,3486844","18,6535951"
Ecekon,music_school,http://www.ecekon.pl/,,,Gdańsk,"54,3576409","18,6518858"
Edukacja w Operze Bałtyckiej,opera_and_ballet,http://operabaltycka.pl/pl/edukacja,,,Gdańsk,"54,37255","18,62513"
El Mariachi,dance_club,https://www.trojmiasto.pl/El-Mariachi-o87424.html,,,Gdańsk,"54,3540844","18,6595885"
Empire Music School,music_school,http://szkolamuzyczna.empiremusic.pl/,,,Gdańsk,"54,4278416","18,4774295"
Essentium,graphic_designer,http://www.essentium.pro/,,,Gdańsk,"54,3523855","18,6383396"
Europejskie Centrum Solidarności  I  European Solidarity Centre,museum,https://bilety.ecs.gda.pl/,,Euroepan Solidarity Centre: culture cenre,Gdańsk,"54,3613017","18,649906"
EVC design studio,graphic_designer,https://www.behance.net/EVCdesignstudio,,,Gdańsk,"54,3828137","18,5895284"
expertem,graphic_designer,https://expertem.wordpress.com/,,,Gdańsk,"54,3462426","18,529492"
FETA,theatre,http://www.feta.pl/,,"performance art festival, use different location in public space ",Gdańsk,"54,35","18,6667"
Filia Gdańska Wojewódzkiej i Miejskiej Biblioteki Publicznej w Gdańsku,library,http://www.wbpg.org.pl/,,,Gdańsk,"54,34973","18,65513"
Filia Naukowa,library,http://www.wbpg.org.pl/filia_naukowa,,,Gdańsk,"54,4090973","18,5982994"
Fort Góry Gradowej,history_museum,Ingen webbplats,,,Gdańsk,"54,355826","18,6385717"
Foto Fokus,photography_store_and_services,http://sklep.fokus.com.pl/,,furniture design and shop,Gdańsk,"54,3488734","18,6550983"
Foto Kadr,graphic_designer,http://www.fotokadr.pl/,,,Gdańsk,"54,4022287","18,5797679"
Fotopunkt,photography_store_and_services,http://www.fotopunkt.com.pl/,,,Gdańsk,"54,3749599","18,6142404"
G58,movie_television_studio,http://g58.pl/#contact,,,Gdańsk,"54,37606","18,6095"
GAB Media,mass_media,http://www.gabmedia.pl/,,,Gdańsk,"54,3680935","18,6274202"
Galeria Domowa,museum,http://galeriadomowa-darobike.shoparena.pl/,,,Gdańsk,"54,4345694","18,4672061"
Galeria Site Specific Klub Morza Zejman,museum,http://galeriasitespecific.blogspot.com/,,,Gdańsk,"54,348343","18,657947"
Galeria Starych Zabawek,history_museum,http://www.stare-zabawki.pl/,,,Gdańsk,"54,3499011","18,6513933"
Gama,music_and_dvd_store,http://www.gama.gda.pl,,,Gdańsk,"54,3553711","18,6478606"
Gardenplan,landscaping,http://www.gardenplan.pl,,,Gdańsk,"54,3270805","18,5939929"
Gazeta GUMed,print_media,http://gazeta.gumed.edu.pl/,,,Gdańsk,"54,3637268","18,6279684"
Gdansk Katownia,museum,http://www.mhmg.pl/oddzial/8/muzeum-bursztynu,,,Gdańsk,"54,3499","18,647031"
Gdansk Orunia,dance_club,Ingen webbplats,2,unclear ,Gdańsk,"54,3294637","18,6272217"
Gdańsk Shakespeare Theater,theatre,http://www.teatrszekspirowski.pl/,,,Gdańsk,"54,3479406","18,6480298"
Gdańsk Stocznia,dance_club,Ingen webbplats,2,airport terminal,Gdańsk,"54,3821071","18,4666231"
Gdańska Fundacja Kształcenia Menedżerów,newspaper_and_magazines_store,https://gfkm.pl/,,,Gdańsk,"54,40268833","18,57178697"
Gdańska Prywatna Szkoła Umuzykalniająca ROMA,music_school,http://www.gssmiu.nazwa.pl/1,,,Gdańsk,"54,3577828","18,5907022"
Gdańska Społeczna Szkoła Muzyczna,music_school,http://www.facebook.com/muzycznaMorena,,,Gdańsk,"54,3578246","18,5906814"
Gdański Teatr Szekspirowski,theatre,http://www.festiwalszekspirowski.pl/,,Shakespeare theatre festival,Gdańsk,"54,3480194","18,6477877"
Gdańskie Targi Książki,print_media,http://www.gdanskietargiksiazki.pl/,,book fairs ,Gdańsk,"54,359923","18,649148"
Gedania - STOP bezprawiu na historycznych terenach,history_museum,Ingen webbplats,2,old tram line,Gdańsk,"54,3878","18,61312"
Ggog,music_venue,Ingen webbplats,2,post office,Gdańsk,"54,3656603","18,6346748"
GoHome Studio nagrań,music_production,Ingen webbplats,,,Gdańsk,"54,3758891","18,6352219"
Gorzko Gorzko Gdańsk,dance_club,http://gorzko-gorzko.pl/,,,Gdańsk,"54,3539337","18,6482032"
GospodarkaMorska.pl,mass_media,https://kongrespolskieporty2030.gospodarkamorska.pl/,2,maritime congress ,Gdańsk,"54,35739","18,64749"
Grabowa 19,fashion,Ingen webbplats,,music school ,Gdańsk,"54,37487","18,60447"
Grajnaperkusji,music_school,Ingen webbplats,2,unclear ,Gdańsk,"54,3836579","18,6321756"
Grey Gdańsk,dance_club,https://greygdansk.pl/,,,Gdańsk,"54,3584209","18,6468056"
Grustudios,music_production,https://grustudios.wordpress.com/realizacje/,,,Gdańsk,"54,419584","18,4762593"
Haftowane Skarby,screen_printing_t_shirt_printing,https://haftowaneskarby.pl/,,embroidery services ,Gdańsk,"54,4276224","18,4912285"
HAH Gdańsk,dance_club,Ingen webbplats,,,Gdańsk,"54,3643147","18,6444896"
Havana in Gdańsk,dance_club,Ingen webbplats,,,Gdańsk,"54,3501865","18,655067"
Hevelianum,museum,http://hevelianum.pl/,,science and technology museum,Gdańsk,"54,3565653","18,6390549"
Home Stage Music Studio,music_school,https://homestagemusic.pl/,,,Gdańsk,"54,3951892","18,6390737"
I&O Audio,music_production,https://www.ioaudio.pl/,,,Gdańsk,"54,4049429","18,6079169"
Impresariat 34art.pl,theatre,https://34art.pl/,,artistic impresario agency ,Gdańsk,"54,3782043","18,588728"
Infinium,dance_club,http://www.infinium.pl,,,Gdańsk,"54,3790267","18,6165451"
Infinium. Klub studencki,dance_club,http://www.infinium.pl/,,,Gdańsk,"54,379369","18,6161618"
Inmedio Trendy,fashion,Ingen webbplats,2,small shopping mall,Gdańsk,"54,3911966","18,6096435"
Intensywne Kursy Szycia IKS,fashion,http://www.emwudesign.com/,,,Gdańsk,"54,34177","18,62126"
Intro,dance_club,http://www.klubintro.eu,,,Gdańsk,"54,3522144","18,6560711"
Jazz nad Motławą,jazz_and_blues,http://www.miastoaniolow.com.pl/,,,Gdańsk,"54,3474514","18,6565609"
K16,graphic_designer,http://k16.com.pl/,,,Gdańsk,"54,4097757","18,569725"
Kabaret Ewan,dance_club,http://www.kabaretewan.pl/,,cabaret,Gdańsk,"54,3504198","18,6494649"
Kino Helios,fair,"https://www.helios.pl/58,Gdansk/StronaGlowna/",,cienma,Gdańsk,"54,3495189","18,6441375"
Klub Kosmos Gdańsk | Gdansk,dance_club,http://www.mkbowling.pl/kosmos-gdansk,,,Gdańsk,"54,3773441","18,6077487"
Klub Metro,dance_club,http://www.metrocatering.pl,,,Gdańsk,"54,3770463","18,614799"
Klub Muzyczny Dobry Wieczór,music_venue,Ingen webbplats,,,Gdańsk,"54,3808332","18,5961486"
Klub Muzyczny Parlament,dance_club,http://www.parlament.com.pl/,,and music club,Gdańsk,"54,3511567","18,6497895"
Klub Posesja,dance_club,Ingen webbplats,,,Gdańsk,"54,3947871","18,6726513"
Klub Żak,theatre,http://www.klubzak.com.pl/,,,Gdańsk,"54,3871485","18,5921951"
Komis sukien ślubnych „Eleonora”,fashion,https://docs.google.com/forms/d/e/1FAIpQLScC5NUvOqmr1qyc9Fcrspq8w1UV3lQgi_792TR6pP0T56k9qw/viewform,,,Gdańsk,"54,36262","18,59241"
Kosmiczna Baza - Mobilne Centrum Nauki,science_museum,https://www.kosmicznabaza.pl/,,mobile (in a truck) science and technology exhibition ,Gdańsk,"54,3560347","18,6392814"
Kostka Studio,music_school,Ingen webbplats,2,flower shop,Gdańsk,"54,3367735","18,596595"
"KOZAK.pl - sklep komputerowy, drukarki, tusze, tonery",vinyl_record_store,https://www.kozak.pl/,,,Gdańsk,"54,3491975","18,5911114"
Kronika Studencka,mass_media,http://www.ks.pg.gda.pl/,,,Gdańsk,"54,3708006","18,6149456"
Kwadratowa,dance_club,http://www.kwadratowa.pl/,,,Gdańsk,"54,3707857","18,6154507"
Lira,music_school,http://www.naprawa-gitar.er.pl,,,Gdańsk,"54,4119778","18,5726648"
Lud Hauza Music Producers,music_production,http://www.ludhauza.bandcamp.com/,,,Gdańsk,"54,43364","18,46599"
LUDO Gdańsk,dance_club,http://ludo.com.pl/,,,Gdańsk,"54,4014901","18,5725806"
Luminaris Dom Produkcyjny,movie_television_studio,http://www.luminaris.pl/,,,Gdańsk,"54,3839796","18,6111771"
Lunar Sounds,music_production,https://lunarsounds.pl/,,,Gdańsk,"54,3586819","18,6835466"
Market Zone,photography_store_and_services,http://www.market-zone.pl/,,,Gdańsk,"54,4047164","18,5853957"
Maska Studio,record_label,https://maskastudio.pl/,,,Gdańsk,"54,3539879","18,5619244"
Mayones Guitars Basses,music_and_dvd_store,http://www.mayones.com/,,,Gdańsk,"54,38578","18,63147"
Mechaniczna Pomarańcza,dance_club,https://www.instagram.com/pomaranczamechaniczn,,,Gdańsk,"54,369605","18,610332"
Mediateka,library,Ingen webbplats,,Medioteka municipal ,Gdańsk,"54,377696","18,6069605"
Melody Pracownia Muzyczna,music_school,http://piotrnabrdalik.pl/,,,Gdańsk,"54,3601769","18,5903574"
Miasto. Klub Muzyczny,dance_club,http://www.miastoaniolow.com.pl/,,,Gdańsk,"54,3475348","18,6568644"
Miejska i Wojewódzka Biblioteka Publiczna w Gdańsku,library,http://www.wbpg.org.pl/filia_nr_71,,,Gdańsk,"54,3522589","18,5115176"
"Międzynarodowy Festiwal Muzyki Organowej, Chóralnej i Kameralnej",music_venue,https://festiwalorganowy.pl/,,,Gdańsk,"54,3498097","18,6530685"
Moje Studio     /      My Studio,music_production,https://twitter.com/softaudio,,,Gdańsk,"54,3983","18,66693"
Mona Rena Studio,fashion,http://www.monarena.studio/,,,Gdańsk,"54,3859987","18,616601"
Monoteatr,theatre,https://teatrwoknie.pl/projekty/,,,Gdańsk,"54,349","18,65211"
Mumuland,screen_printing_t_shirt_printing,Ingen webbplats,,,Gdańsk,"54,34013","18,65886"
Museum of Gdańsk,museum,https://linktr.ee/muzeumgdanska,,,Gdańsk,"54,348779","18,6526641"
Museum Of Gdańsk Science,museum,http://www.muzeumgdansk.pl/,,,Gdańsk,"54,3541976","18,6504896"
Museum of World War II in Gdańsk,museum,http://www.muzeum1939.pl/en/home-page,,,Gdańsk,"54,355833","18,660556"
Musicflow,music_school,https://www.youtube.com/@szkolamuzycznamusicflow,,,Gdańsk,"54,3946284","18,6085299"
Muzeum Archeologiczne w Gdańsku,history_museum,http://www.archeologia.pl/,,,Gdańsk,"54,34932","18,65642"
Muzeum Archidiecezjalne,museum,http://www.diecezja.gda.pl,,,Gdańsk,"54,4108556","18,5584001"
Muzeum Bistro,museum,http://www.zjedzwmuzeum.pl/,2,restaurant in the museum ,Gdańsk,"54,3571002","18,659538"
Muzeum Bursztynu. Oddział Muzeum Gdańska,museum,http://www.muzeumgdansk.pl/,,,Gdańsk,"54,3540547","18,6501462"
Muzeum II Wojny Światowej,history_museum,http://www.muzeum1939.pl/,,,Gdańsk,"54,3558333","18,6605556"
Muzeum II Wojny Swiatowej w Gdansku,museum,http://www.muzeum1939.pl,,,Gdańsk,"54,349675","18,648437"
Muzeum Kryminalistyki w Gdańsku,museum,Ingen webbplats,,,Gdańsk,"54,3987302","18,5715914"
Muzeum Lechii Gdańsk,museum,http://Lechia.pl/,,,Gdańsk,"54,3908392","18,6391237"
Muzeum Narodowe,museum,http://mng.gda.pl/,,,Gdańsk,"54,3454254","18,6468975"
Muzeum Poczty Polskiej - Muzeum Gdańska,museum,https://muzeumgdansk.pl/oddzialy-muzeum/muzeum-poczty-polskiej-w-gdansku,,,Gdańsk,"54,3552544","18,6567343"
Muzeum Techniki ZSŁ Gdańsk,museum,https://muzeum.zsl.gda.pl/,,,Gdańsk,"54,353937","18,657073"
Muzeum Uniwersytetu Gdańskiego,museum,https://muzeum.ug.edu.pl/,,,Gdańsk,"54,35384","18,64735"
Muzeum Zegarów Wieżowych,museum,http://www.mhmg.pl,,,Gdańsk,"54,3539924","18,6508594"
Muzyczna Piwnica,music_and_dvd_store,http://www.muzycznapiwnica.pl,,,Gdańsk,"54,402987","18,5925313"
Muzyka u Uphagena,music_venue,https://www.fundacjahanseatica.com/,,,Gdańsk,"54,3752","18,61982"
Narodowe Muzeum Morskie w Gdańsku,museum,http://www.nmm.pl/,,,Gdańsk,"54,3510278","18,6579477"
Nasz Gdańsk,mass_media,http://www.naszgdansk.net/,,,Gdańsk,"54,34799","18,66067"
Niepubliczna Szkoła Muzyczna I stopnia w Gdańsku,music_school,Ingen webbplats,,,Gdańsk,"54,3492535","18,5077323"
Night Club Mercedess,dance_club,http://mercedess.pl/,,,Gdańsk,"54,4026326","18,5820753"
NOMUS Nowe Muzeum Sztuki w Gdańsku,museum,http://www.nomus.gda.pl/,,contemporary art muzeum,Gdańsk,"54,3631174","18,6478636"
NXL Records,music_production,Ingen webbplats,,,Gdańsk,"54,358689","18,683545"
Oddział Etnografii Muzeum Narodowego w Gdańsku,museum,http://www.mng.gda.pl/,,,Gdańsk,"54,4116079","18,5594226"
Oddział Pomorski Stowarzyszenia Muzealników Polskich,history_museum,http://muzealnicy.pomorze.pl/,,regional Branch of the Association of Polish Museologists,Gdańsk,"54,3505294","18,6573945"
Oddział Sztuki Nowoczesnej Muzeum Narodowe w Gdańsku,museum,https://www.mng.gda.pl/,,,Gdańsk,"54,4110011","18,5598993"
Ognisko Muzyczne AKOLADA Strzyża,music_school,http://www.ogniskoakolada.com/,,,Gdańsk,"54,3843601","18,5781977"
Ogólnokształcąca Szkoła Muzyczna I i II stopnia,music_school,http://www.osm.gdansk.pl,,,Gdańsk,"54,35736","18,64956"
Ogrodnictwo Lawenda,urban_farm,http://ogrodnictwolawenda.pl/,,,Gdańsk,"54,3113062","18,6357502"
Ogrody Sopot Andrzej Kilkowski,landscaping,http://www.ogrodysopot.com.pl/,,,Gdańsk,"54,4204233","18,5720993"
Opera,opera_and_ballet,http://www.operabaltycka.pl/,,,Gdańsk,"54,3725038","18,6250358"
Orfeusz Kazimierz Ponikwicki,landscaping,http://orfeusz-pomorskie.pl/,,,Gdańsk,"54,4084322","18,5869054"
Orkiestra Vita Activa,music_school,http://www.orkiestra-vita-activa.pl/,,ochestra ,Gdańsk,"54,3575413","18,6519108"
Ośrodek Kultury Morskiej,museum,https://www.nmm.pl/osrodek-kultury-morskiej,,,Gdańsk,"54,3510627","18,657312"
Osso Studio,music_production,https://ossostudio.pl/,,,Gdańsk,"54,4336896","18,4658613"
Otwarta Pracownia G52,music_production,Ingen webbplats,,,Gdańsk,"54,37621","18,61232"
Pacz Gdańsk,mass_media,Ingen webbplats,,,Gdańsk,"54,35842","18,6466"
PAN Biblioteka Gdańska,library,http://www.bgpan.gda.pl/,,,Gdańsk,"54,35837","18,64954"
PAN DRAGON Sp.z.o.o.,graphic_designer,http://www.pandragon.com.pl/,,,Gdańsk,"54,3742281","18,6239531"
Państwowa Szkoła Muzyczna II stopnia,music_school,http://www.zsm-gdansk.edu.pl/,,,Gdańsk,"54,3785646","18,6027588"
ParePikseli Agencja Interaktywna,graphic_designer,http://www.parepikseli.com/,,,Gdańsk,"54,4080835","18,5938434"
Parkour Design,landscaping,https://parkour.design/,,,Gdańsk,"54,35649","18,65005"
Patio Layup,dance_club,http://www.layupgaleria.pl/,,,Gdańsk,"54,36482","18,6451143"
Peron 5,dance_club,https://stacjafoodhall.pl/peron-5/,,,Gdańsk,"54,382207","18,60621"
Pieprz Club Gdańsk,dance_club,Ingen webbplats,,Pieprz Club,Gdańsk,"54,3581015","18,6474104"
Piwnica Krugera,dance_club,Ingen webbplats,,,Gdańsk,"54,3496446","18,648514"
Piwnica Romanska,museum,http://www.archeologia.pl/oddzialy/piwnica-romanska,,history museum ,Gdańsk,"54,3525111","18,6518224"
Plama,dance_club,http://www.gak.gda.pl/plama,,,Gdańsk,"54,3923005","18,5916469"
Planty,music_venue,http://www.halaolivia.pl/,,mostly sport venue,Gdańsk,"54,40146","18,57248"
Pogodna Jesień. Klub Seniora,dance_club,http://www.macius1.przymorze.gda.pl/,,,Gdańsk,"54,403675","18,597348"
Polish Baltic Frédéric Chopin Philharmonic,music_venue,Ingen webbplats,,State Baltic Philharmony ,Gdańsk,"54,3523118","18,6598791"
Polska Filharmonia Baltycka im. Fryderyka Chopina w Gdansku,theatre,https://www.filharmonia.gda.pl/,,philharmony ,Gdańsk,"54,3523815","18,6598094"
Polski Chór Kameralny Schola Cantorum Gedanensis,theatre,http://www.polskichorkameralny.pl/,,choir,Gdańsk,"54,4090909","18,5596146"
Pomorska Biblioteka Pedagogiczna im. Gdańskiej Macierzy Szkolnej w Gdańsku,library,http://www.pbp.gda.pl/,,,Gdańsk,"54,3769581","18,6225003"
ponad.pl,graphic_designer,https://ponad.pl/,,,Gdańsk,"54,4236383","18,4797227"
Potearchitekci - Kreatywna Pracownia Architektoniczna,newspaper_and_magazines_store,http://www.potearchitekci.pl/,,,Gdańsk,"54,3419413","18,6540878"
Potrzeby to podstawa,print_media,https://potrzebytopodstawa.pl/,,,Gdańsk,"54,411809","18,581476"
prabucki.art,graphic_designer,http://www.prabucki-art.pl/,,,Gdańsk,"54,4130287","18,595099"
PRACOWNIA,graphic_designer,http://www.pracownia.pl/,,,Gdańsk,"54,370689","18,508973"
Pracownia Garden Grzegorz Chmielewski,landscaping,http://pracowniagarden.pl/,,,Gdańsk,"54,3992796","18,5763945"
Pracownia krawiecka i Warsztaty Nauki szycia Pomysl na Szycie,fashion,Ingen webbplats,,taylor ,Gdańsk,"54,383018","18,6215644"
Pracownia Muzyczna Muzykon,music_school,http://www.muzykon.pl/,,,Gdańsk,"54,3807007","18,5900692"
Pracownia Projektowa Kolomiyets&Moins,fashion,Ingen webbplats,2,just a house,Gdańsk,"54,34484","18,59075"
Prezentacje Multimedialne dla Firm i Design Re-Prezentacja,graphic_designer,https://re-prezentacja.pl/,,,Gdańsk,"54,4097778","18,5697229"
Printexpress.pl Nadruki na koszulkach i gadżetach reklamowych,screen_printing_t_shirt_printing,http://www.printexpress.pl/kontakt/,,,Gdańsk,"54,37839","18,57425"
Projekt Ogród,landscaping,Ingen webbplats,,,Gdańsk,"54,3060849","18,5950514"
Protokultura - Klub Sztuki Alternatywnej,music_venue,http://www.protokultura.pl/,,,Gdańsk,"54,3650645","18,6457193"
przeto.pl - sklep płytowy,music_and_dvd_store,Ingen webbplats,,small shopping mall,Gdańsk,"54,3367842","18,612534"
Puticasa,dance_club,Ingen webbplats,,,Gdańsk,"54,3672664","18,6245987"
Radio Eska Trójmiasto - Redakcja Informacyjna Gdańsk,radio_station,Ingen webbplats,,,Gdańsk,"54,41552","18,558639"
Radio Gdańsk,radio_station,http://www.radiogdansk.pl/,,,Gdańsk,"54,3749732","18,6173415"
Radio Plus Gdańsk,radio_station,http://gdansk.radioplus.pl/,,,Gdańsk,"54,3639525","18,6058022"
Radio SAR,radio_station,http://www.radiosar.pl/,,,Gdańsk,"54,3696984","18,6073008"
Radio UG MORS - Mega Otwarte Radio Studenckie,radio_station,http://mors.ug.edu.pl/,,,Gdańsk,"54,39936","18,57296"
Rancho Promenada,dance_club,http://www.ranchopromenada.wizytowka.pl/,,,Gdańsk,"54,4086248","18,6158882"
Rathaus,dance_club,Ingen webbplats,,club Absinth,Gdańsk,"54,3538709","18,6480635"
Ratusz Głównego Miasta,history_museum,http://www.muzeumgdansk.pl/,,,Gdańsk,"54,3488781","18,6524072"
RIFF Salon Muzyczny,music_and_dvd_store,http://www.riff.net.pl,,,Gdańsk,"54,3974624","18,5780054"
Robopark Olsztyn,science_museum,https://robo-park.pl/gdansk/,,,Gdańsk,"54,3488842","18,6434347"
Roche Studio,graphic_designer,https://www.rochestudio.eu/,,,Gdańsk,"54,3036793","18,614681"
Rock Cafe - Muzeum Polskiego Rocka,music_venue,http://www.muzeumpolskiegorocka.pl/,,,Gdańsk,"54,350193","18,648959"
Sala BHP,museum,http://www.salabhp.pl/,,,Gdańsk,"54,3614686","18,6519404"
Sala Prób Baduuum,music_production,http://www.baduuum.pl/,,,Gdańsk,"54,4084619","18,5665424"
Salonik Krawiecki Sofii,fashion,Ingen webbplats,,taylor ,Gdańsk,"54,4008451","18,6596205"
Sassy,dance_club,http://www.sassygdansk.pl/,,,Gdańsk,"54,3489886","18,6580768"
Scena Teatralna NOT,theatre,http://gdansk.enot.pl/,,,Gdańsk,"54,3553503","18,6506801"
scrapYard,music_venue,http://instagram.com/scrapyardgd,,,Gdańsk,"54,3644679","18,6460835"
Selektastudio,music_production,http://www.selektastudio.pl/,,,Gdańsk,"54,3626228","18,6121647"
"SERUM - Eat, Drink & Rock ‘n’ Roll",dance_club,https://www.serum.club/restauracja/serum,,,Gdańsk,"54,3736537","18,6266142"
Skandynawskie Uchwyty,fashion,https://skandynawskieuchwyty.pl/,2,"shop with ""Scandinavian handles""",Gdańsk,"54,3258694","18,6432187"
Sklep muzyczny Presto,music_and_dvd_store,Ingen webbplats,,Presto music store,Gdańsk,"54,374831","18,618552"
Sklep-Sandra Ksero & Tusze Tonery & RTV & Pralnia Żabianka,vinyl_record_store,,,small shopping mall,Gdańsk,"54,421","18,5719"
SL Sound,music_production,http://www.slsound.pl/,,,Gdańsk,"54,4274832","18,4649976"
Solid Studio AB,graphic_designer,https://www.behance.net/alanbrzeziski,,,Gdańsk,"54,41396","18,58433"
Sonar Record Store,music_and_dvd_store,https://youtu.be/s6MiKM45Slk?si=Q2o6djgB-gv8T5JB,,,Gdańsk,"54,3817771","18,6143712"
Soul Gang Studio,music_production,Ingen webbplats,,,Gdańsk,"54,3757073","18,6349737"
Specjalistyczna Praktyka Lekarska lek. med. Katarzyna Sulak,music_venue,Ingen webbplats,,Tkacka Music Club,Gdańsk,"54,3500535","18,6491976"
"Spichlerz ""Błękitny Baranek""",museum,http://www.archeologia.pl/oddzialy/blekitny-baranek,,,Gdańsk,"54,344867","18,655213"
Spichlerz Opacki,museum,Ingen webbplats,,Ethnography Museum,Gdańsk,"54,4115359","18,5593291"
Splash Media,movie_television_studio,http://splashmedia.pl/,,,Gdańsk,"54,4187733","18,4700455"
Spokooko Wojciech Podlecki kamerzysta,movie_television_studio,http://spokooko.pl/kontakt/,,,Gdańsk,"54,3254603","18,6261933"
Stacja Impreza,dance_club,http://stacjaimpreza.eu/,,,Gdańsk,"54,3894667","18,5947826"
Standby Studio,theatre,https://standbystudio.pl/,,,Gdańsk,"54,3963579","18,5698167"
Stocznia Gdanska brama historyczna nr 2,history_museum,Ingen webbplats,,historical monument ,Gdańsk,"54,3605431","18,6487205"
Straż Rytmiczna,music_school,http://straz-rytmiczna.pl/,,,Gdańsk,"54,3747605","18,604523"
Strefa Gracza,video_game_store,Ingen webbplats,,,Gdańsk,"54,4094626","18,5921111"
Strefa Historyczna Wolne Miasto Gdańsk,history_museum,http://www.strefahistorycznawmg.pl/,,,Gdańsk,"54,34819","18,6556"
Studio 1:1,fashion,http://www.studio-a-propos.com/,,,Gdańsk,"54,3605425","18,6500068"
Studio 147,record_label,http://www.studio147.pl/,,,Gdańsk,"54,3494839","18,613116"
Studio Filmowe Blackstork,movie_television_studio,http://www.blackstorkstudio.com/,,,Gdańsk,"54,40617","18,55634"
Studio graficzne Bang Bang Design,graphic_designer,http://bangbangdesign.pl/,,,Gdańsk,"54,3364255","18,5187943"
Studio KOZA,graphic_designer,https://studiokoza.pl/,,,Gdańsk,"54,38189","18,612189"
Studio kreatywne Karolina Wieteska,graphic_designer,https://wieteska.net/,,,Gdańsk,"54,302698","18,6131103"
Studio Manilov,movie_television_studio,http://www.studiomanilov.eu/,,,Gdańsk,"54,3748799","18,6136653"
Studio Minka,fashion,Ingen webbplats,,florist shop,Gdańsk,"54,34885","18,59039"
Studio MTS,music_production,http://www.studiomts.pl/,,,Gdańsk,"54,3370884","18,6030456"
Studio Pro Arte,music_production,Ingen webbplats,,,Gdańsk,"54,4196465","18,4788838"
Studio Wokalne UG,music_school,http://ack.ug.edu.pl/,,,Gdańsk,"54,39637","18,5699"
Studio Zbrodnia,music_production,https://www.instagram.com/studio_zbrodnia/,,,Gdańsk,"54,3586813","18,6835451"
Studio1,dance_club,Ingen webbplats,,Studio 1 Music Club,Gdańsk,"54,347617","18,6566709"
Styl - Meble kuchenne na wymiar Gdańsk,video_film_production,https://styl-meble.pl/gdansk/,,furniture desing studio and shop,Gdańsk,"54,4022084","18,5806069"
Surprisebukiet,fashion,https://instagram.com/surprisebukiet?igshid=YmMyMTA2M2Y%3D,,,Gdańsk,"54,4064628","18,5804472"
Szkoła Muzyczna I st. im. Grażyny Bacewicz w Gdańsku-Wrzeszczu,music_school,http://www.zsm-gdansk.edu.pl/SM1st.htm,,,Gdańsk,"54,3791069","18,6061119"
Sztuka Projektowania,graphic_designer,https://sztuka-projektowania.pl/,,,Gdańsk,"54,3808954","18,5904034"
Szymon Chyliński,music_school,http://www.szymonchylinski.pl/,,,Gdańsk,"54,3362176","18,6269579"
Szymon Kaczmarek Design,graphic_designer,https://szymonkaczmarekdesign.myportfolio.com/,,,Gdańsk,"54,3496165","18,5629451"
Tailors Club,fashion,https://tailorsclub.uk/,,,Gdańsk,"54,3828475","18,5895352"
Tatuum,fashion,Ingen webbplats,,shopping mall,Gdańsk,"54,4041578","18,587873"
Tatuum,fashion,Ingen webbplats,,shopping mall,Gdańsk,"54,3521534","18,5934406"
Teatr Ambasador,theatre,Ingen webbplats,2,secondary school ,Gdańsk,"54,34028","18,62221"
Teatr Barnaby - Barnaby's Puppet Theatre,theatre,https://www.teatrbarnaby.net/,,,Gdańsk,"54,3933522","18,6328125"
Teatr GIGANT,theatre,http://www.teatrminiatura.pl/,,,Gdańsk,"54,3750094","18,6179805"
Teatr Mostownia,theatre,https://www.bilety24.pl/organizator/teatr-mostownia-1563.html,,,Gdańsk,"54,3762543","18,614001"
Teatr Pinezka,theatre,https://teatrpinezka.blogi.pl/,,,Gdańsk,"54,411217","18,5911374"
Teatr w Blokowisku,theatre,www.plama.art.pl,,,Gdańsk,"54,3923313","18,5915909"
Teatr ZNAK,theatre,http://www.gsa.net.pl/,,,Gdańsk,"54,3774281","18,608613"
Terminal Cukrowy Gdańsk Ul. Chodackiego,print_media,Ingen webbplats,,,Gdańsk,"54,3857107","18,6610336"
Terranova,fashion,https://www.terranovastyle.com/,,,Gdańsk,"54,3565723","18,6488028"
Tkacka Music Club,dance_club,http://tkackaclub.pl/,,,Gdańsk,"54,3500854","18,6489427"
TOFU Studio,graphic_designer,http://www.tofu.pl/,,,Gdańsk,"54,3820562","18,6126397"
Towarzystwo Przyjaciół Gdańska,history_museum,Ingen webbplats,2,historical gate,Gdańsk,"54,3516327","18,6576195"
Tower Clock Museum,museum,Ingen webbplats,,catholic church,Gdańsk,"54,3540395","18,6510317"
Transam-Printmax,fashion,http://www.transam.com.pl/,,,Gdańsk,"54,3083886","18,6313715"
TriathlonLife.pl,mass_media,http://www.TriathlonLife.pl/,,,Gdańsk,"54,33219","18,60235"
TuszTusz,graphic_designer,http://tusztusz.com/,,,Gdańsk,"54,3809438","18,6161601"
TVN24,movie_television_studio,Ingen webbplats,,,Gdańsk,"54,3584489","18,6465262"
TVP3 Gdańsk,movie_television_studio,http://www.gdansk.tvp.pl/,,and production TV station,Gdańsk,"54,4143413","18,561071"
Two Windows Theatre,theatre,http://teatrwoknie.pl/,,,Gdańsk,"54,349021","18,6519911"
Ulica Elektryków,music_venue,http://www.elektrykow.com/,,,Gdańsk,"54,3643492","18,6484465"
Universal Music Publishing,music_venue,http://www.universalproductionmusic.com/pl-pl,,,Gdańsk,"54,3755477","18,6112707"
Vagon Studio,music_production,http://vagonstudio.pl/,,,Gdańsk,"54,3587132","18,6833185"
Vlo,library,http://www.vlo.gda.pl,,,Gdańsk,"54,4069188","18,5590908"
W Hand Works,fashion,https://whandworks.com/,,,Gdańsk,"54,35766","18,68271"
Warsztat PoP Art,dance_club,Ingen webbplats,,operates in summer,Gdańsk,"54,3638428","18,64441"
Wartownia nr 1 na Westerplatte - Muzeum Gdańska,museum,https://muzeumgdansk.pl/oddzialy-muzeum/wartownia-nr1-westerplatte/,,,Gdańsk,"54,4061303","18,6762323"
Wega,screen_printing_t_shirt_printing,Ingen webbplats,,,Gdańsk,"54,3730801","18,6497282"
Weird Johnny Studio,game_publisher,https://www.patreon.com/weirdjohnny,,,Gdańsk,"54,4003682","18,5919984"
Western Union,newspaper_and_magazines_store,,2,,Gdańsk,"54,3738157","18,5180324"
Western Union,newspaper_and_magazines_store,,2,,Gdańsk,"54,3894056","18,6090615"
Western Union,newspaper_and_magazines_store,,2,,Gdańsk,"54,3251169","18,6184927"
Western Union,newspaper_and_magazines_store,,2,,Gdańsk,"54,3371804","18,6207769"
Westerplatte Museum,museum,Ingen webbplats,,Westerplatte monument and museum,Gdańsk,"54,40652","18,6667438"
What The Frog,game_publisher,https://whatthefrog.pl/,,,Gdańsk,"54,35842","18,6466"
whitegraphic,graphic_designer,http://www.whitegraphic.eu/,,,Gdańsk,"54,3389944","18,5189626"
WiMP Filia Naukowa,library,http://www.wbpg.org.pl,,,Gdańsk,"54,4091271","18,5978154"
Wincenty Pol na Wyspie,history_museum,https://gak.gda.pl/placowki/wyspa-skarbow/muzeum/,,,Gdańsk,"54,3441882","18,8283024"
Wojewódzka Biblioteka Publiczna Filia nr 13,library,Ingen webbplats,,,Gdańsk,"54,3538222","18,6535274"
Wojewódzka I Miejska Biblioteka Publiczna,library,Ingen webbplats,,,Gdańsk,"54,34956","18,65505"
Wojewodzka i Miejska Biblioteka Publiczna w Gdansku,library,http://www.wbpg.org.pl,,,Gdańsk,"54,3512123","18,6439858"
Wonder Flower Embroidery. Jewelry with miniatures,fashion,https://www.etsy.com/shop/WonderFlowerland,,florist ,Gdańsk,"54,3283704","18,6107877"
Wrzeszcz Pointz,music_production,Ingen webbplats,,,Gdańsk,"54,3749167","18,6156464"
Wybrzeze Theatre,theatre,http://www.teatrwybrzeze.pl/,,,Gdańsk,"54,3512751","18,6486621"
Zabytkowa Kuźnia Wodna,museum,http://www.muzeumgdansk.pl/,,,Gdańsk,"54,4067415","18,5392166"
Zawsze Pomorze,print_media,https://facebook.com/zawszepomorze,,,Gdańsk,"54,3552937","18,650708"
Zdarta PŁYTA 33.5,dance_club,Ingen webbplats,,students club,Gdańsk,"54,36969","18,60728"
Zgliszcza,dance_club,Ingen webbplats,2,unclear,Gdańsk,"54,384317","18,604447"
Zieleniarium Rayss Group,graphic_designer,https://rayssgroup.pl/,,,Gdańsk,"54,4313223","18,4703469"
Zielona Brama Muzeum Narodowe w Gdańsku,museum,http://www.mng.gda.pl/,,national museum,Gdańsk,"54,3479378","18,6558064"
Zielone Kreacje,landscaping,http://www.zielonekreacje.pl/,,,Gdańsk,"54,3955277","18,5935016"
Zuraw,history_museum,http://www.cmm.pl/zuraw,,,Gdańsk,"54,3504822","18,6575003"
Педагог Музыки ВОКАЛ Ф-НО,music_production,Ingen webbplats,,,Gdańsk,"54,35089","18,64682"