Adress,Hemsida,Kategori,Namn
Säbyhallsvägen 30,,Bibliotek,Salems bibliotek
Gustavslundsvägen 26,,Bibliotek,Alviks bibliotek
Hägerstensvägen 133,,Bibliotek,Aspuddens bibliotek
Lagaplan 6,,Bibliotek,Bagarmossens bibliotek
Björkhagsplan 6,,Bibliotek,Björkhagens bibliotek
Blackebergsplan 5,,Bibliotek,Blackebergs bibliotek
Bredängstorget 20,,Bibliotek,Bredängs bibliotek
Klädesvägen 12,,Bibliotek,Brommaplans bibliotek
Dalens allé 10,,Bibliotek,Enskede bibliotek
Farstagången 8,,Bibliotek,Farsta bibliotek
Fruängsgången 1,,Bibliotek,Fruängens bibliotek
Gröndalsvägen 36,,Bibliotek,Gröndals bibliotek
Gubbängstorget 108,,Bibliotek,Gubbängens bibliotek
Hagsätra torg 32,,Bibliotek,Hagsätra bibliotek
Sveavägen 73,,Bibliotek,Stadsbiblioteket
Hässelby Torg 10,,Bibliotek,Hässelby Gårds bibliotek
Lövkojsgränd 12,,Bibliotek,Hässelby villastads bibliotek
Högdalsgången 10,,Bibliotek,Högdalens bibliotek
Sankt Eriksgatan 33,,Bibliotek,Internationella Biblioteket
Kista Galleria,,Bibliotek,Kista bibliotek
Sankt Eriksgatan 33,,Bibliotek,Kungsholmen
Ljusslingan 26,,Bibliotek,Luma bibliotek
Bobergsgatan 81-83,,Bibliotek,Norra Djurgårdsstadens bibliotek
Skårbygränd 1,,Bibliotek,Rinkeby bibliotek
Skarpnäcks allé 25,,Bibliotek,Skarpnäcks bibliotek
Bredholmsgatan 4,,Bibliotek,Skärholmens bibliotek
Sköndalsvägen 91,,Bibliotek,Sköndals bibliotek
Värsta Allé 12,,Bibliotek,Spånga bibliotek
Essingestråket 24,,Bibliotek,Stora Essingens bibliotek
Grev Turegatan 6,,Bibliotek,Sture bibliotek
Artemisgatan 30a,,Bibliotek,Hjorthagen
Hornsbruksgatan 25,,Bibliotek,Hornstulls bibliotek
Edvard Griegsgången 9,,Bibliotek,Husby bibliotek
Telefonplan 1,,Bibliotek,Telefonplans bibliotek
Hagstråket 13,,Bibliotek,Tensta bibliotek
Medborgarplatsen 2,,Bibliotek,Tranströmerbiblioteket
Vittangigatan 24,,Bibliotek,Vällingby bibliotek
Årsta torg 5,,Bibliotek,Årsta bibliotek
Älvsjö stationsgata 21,,Bibliotek,Älvsjö bibliotek
Gamla Huddingevägen 425,,Bibliotek,Örby bibliotek
Östbergatorget 14,,Bibliotek,Östberga bibliotek
Valhallavägen 146,,Bibliotek,Östermalms bibliotek
Bryggargatan 12A,,Bibliotek,
Drottninggatan 95B,,Bibliotek,
Gustavslundsvägen 170,,Bibliotek,
Herbert Widmans väg 5A,,Bibliotek,
Snickarbacken 2,,Bibliotek,
Stigbergsgatan 30A,,Bibliotek,
Sveavägen 65,,Bibliotek,
Tegelviksgatan 40,,Bibliotek,
Valhallavägen 91,,Bibliotek,
Wahrendorffsgatan 3B,,Bibliotek,
Hantverkargatan 45,,Bibliotek,
Banérgatan 62,,Bibliotek,
Banérgatan 64,,Bibliotek,
Brinellvägen 58,,Bibliotek,
Djurgårdsbrunnsvägen 24,,Bibliotek,
Djurgårdsvägen 10,,Bibliotek,
Drottning Kristinas väg 37,,Bibliotek,
Exercisplan 4,,Bibliotek,
Flaggmansvägen 1,,Bibliotek,
Fredsgatan 12,,Bibliotek,
Frescativägen 40,,Bibliotek,
Fyrverkarbacken 13,,Bibliotek,
Holmamiralens väg 2,,Bibliotek,
Humlegårdsgatan 26,,Bibliotek,
Karlavägen 104,,Bibliotek,
Klara norra kyrkogata 34,,Bibliotek,
Kräftriket 21A,,Bibliotek,
Kräftriket 6B,,Bibliotek,
"Alfred Nobels Allé 7, 141 89 Huddinge",,Bibliotek,Södertörns högskolebibliotek
Folkets hus väg 5,,Bibliotek,Herrängs bibliotek
Norra uppsalavägen 15,,Bibliotek,Hallstaviks bibliotek
Lidingövägen 1,,Bibliotek,
LM Ericssons väg 14,,Bibliotek,
Museivägen 7,,Bibliotek,
Odengatan 61,,Bibliotek,
Osquars backe 31,,Bibliotek,
Roslagstullsbacken 21,,Bibliotek,
Storgatan 41,,Bibliotek,
Svante Arrhenius väg 12,,Bibliotek,
Sveavägen 162,,Bibliotek,
Torsgatan 19,,Bibliotek,
Universitetvägen 10B,,Bibliotek,
Universitetvägen 14D,,Bibliotek,
Valhallavägen 136,,Bibliotek,
Valhallavägen 195,,Bibliotek,
Isafjordsgatan 26,,Bibliotek,
"Kommunalvägen 28 A, 141 27 Huddinge",,Bibliotek,Huddinges huvudbibliotek
"Häradsvägen 252, 141 71 Segeltorp",,Bibliotek,Segeltorps bibliotek
"Skogåstorget 7-9, 142 30 Skogås",,Bibliotek,Skogås bibliotek
"Vårby allé 26, 143 40 Vårby",,Bibliotek,Vårby bibliotek med Barnkonsten
"Ebba Bååts torg 20, 141 51 Huddinge",,Bibliotek,Flemingsbergs bibliotek
Billborgsgatan 3,,Bibliotek,Norrtälje stadsbibliotek
Rimbo torg 13,,Bibliotek,Rimbo bibliotek
Sandviksvägen 4a,,Bibliotek,Väddö bibliotek
Fasternavägen 24,,Bibliotek,Rånäs bibliotek
Skolbacken 7,,Bibliotek,Bergshamra bibliotek
Love Almqvists torg 1,,Bibliotek,Upplands Väsby bibliotek
Allévägen 1,bibliotek.vallentuna.se,Bibliotek,Vallentuna bibliotek
Vadavägen 1C,bibliotek.vallentuna.se,Bibliotek,Karby bibliotek
Bergsjövägen 1,bibliotek.vallentuna.se,Bibliotek,Kårsta bibliotek
"Bro centrum 1, 19731 Bro",,Bibliotek,Biblioteket i Bro
"Furuhällsplan 1, 19640 Kungsängen",,Bibliotek,Biblioteket i Kungsängen
Hallonbergsplan 7,,Bibliotek,Hallonbergens bibliotek
Esplanaden 10,,Bibliotek,Biblioteket i Signalfabriken
Östangränd 7,,Bibliotek,Huvudbiblioteket Tyresö C
"Kumla Allé 7, 135 51 Tyresö",,Bibliotek,Biblioteket Trollbäcken
130 39 Sandhamn,,Folkbibliotek,Sandhamn bibliotek
130 36 Nämdö,,Folkbibliotek,Nämdö bibliotek
"Motionsvägen 4, 139 32 Värmdö",,Folkbibliotek,Hemmesta bibliotek
"Lagergrens väg 15 / Strandtorget 15, 135 63 Tyresö",,Bibliotek,Biblioteket i Strand
"Norra Kronans gata 429, 136 76 Brandbergen",,Bibliotek,Biblioteket i Brandbergen
"Poseidons torg 8, 139 46 Handen",,Bibliotek,Biblioteket i Handen
"Vega Allé 61, 136 57 Vega",,Bibliotek,Biblioteket i Vega
"Centrumvägen 7, 137 38 Västerhaninge",,Bibliotek,Biblioteket i Västerhaninge
"Hurtigs torg 2, 137 64 Jordbro",,Bibliotek,Biblioteket Jordbro
Carl Bondes väg 12,,Bibliotek,Sorunda bibliotek
Stadshusplatsen 3,,Bibliotek,Nynäshamns bibliotek
Ösmo centrum 4,,Bibliotek,Ösmo bibliotek
Eriksbergsvägen 9,,Bibliotek,Hölö bibliotek
Gröndalsvägen 1,,Bibliotek,Hovsjö bibliotek
Lunagallerian 4,,Bibliotek,Stadsbiblioteket Södertälje
Sandviksvägen 60,,Bibliotek,Enhörna bibliotek
Skolvägen 13,,Bibliotek,Mölnbo bibliotek
Storgatan 4,,Bibliotek,Järna bibliotek
Bibliotekstorget 12,,Bibliotek,Solna stads Huvudbibliotek
Bällstaågatan 18,,Folkbibliotek,Bas Barkarby bibliotek
Gjutarplan 8,,Folkbibliotek,Kallhälls bibliotek
Viksjöplan 6,,Folkbibliotek,Viksjö bibliotek
Väpnarstråket,,Folkbibliotek,Jakobsbergs bibliotek
"Sollenkrokavägen 41, 139 73 Djurhamn",,Folkbibliotek,Djurö bibliotek
"Tyra Lundgrensväg 19, 134 40 Gustavsberg",,Folkbibliotek,Värmdö kulturhus - Gustavsbergs bibliotek
Säbyhallsvägen 34,,Allmän samlingslokal,Lilla Murgrönan
Akalla by 12,,Allmän samlingslokal,Akalla by
Gustavslundsvägen 168A,,Allmän samlingslokal,Alviks Medborgarhus
Lillåvägen 44,,Allmän samlingslokal,Bagarmossens Folkets Hus
Karlbergsvägen 86A,,Allmän samlingslokal,Birkagården
Götalandsvägen 181,,Allmän samlingslokal,Byggnadsföreningen Älvsjö med omnejd
Eggeby Gård 1,,Allmän samlingslokal,Eggeby gård
Farsta Ängsvägen 22,,Allmän samlingslokal,Farsta gård
Valhallavägen 152,,Allmän samlingslokal,Fältöversten
Sankt Paulsgatan 39D,,Allmän samlingslokal,Hartwickska huset
Artemisgatan 19,,Allmän samlingslokal,Hjorthagens medborgarhus
Husby gård 8,,Allmän samlingslokal,Husby gård
Edvard Griegsgången,,Allmän samlingslokal,Husby träff
Riksdalervägen 2,,Allmän samlingslokal,Hägerstensåsens medborgarhus
Odd Fellowvägen 18A,,Allmän samlingslokal,Jakobsbergs gård
Kristinehovsgatan 2,,Allmän samlingslokal,Kristinehovs malmgård
Telefonvägen 20,,Allmän samlingslokal,Midsommargården
Svartmangatan 6,,Allmän samlingslokal,Mäster Olofsgården
Färgargårdstorget 1,,Allmän samlingslokal,Pumpan
Skårbygränd 1,,Allmän samlingslokal,Rinkeby Folkets Hus
Rågsvedstorget 11,,Allmän samlingslokal,Rågsveds Folkets Hus
Bredholmstorget 14,,Allmän samlingslokal,Röda korsets folkhögskola
Östra Brobänken,,Allmän samlingslokal,Skeppsholmsgården
Bagarfruvägen 44,,Allmän samlingslokal,Sköndals allaktivitetshus
Spångavägen 353,,Allmän samlingslokal,Spånga Folkan
Götgatan 37,,Allmän samlingslokal,Södergården
Hagstråket 13,,Allmän samlingslokal,Tensta Träff
Timmermansgatan 46,,Allmän samlingslokal,Timmermansgården
Vällingby backe 13,,Allmän samlingslokal,Trappan
Hjälmarsvägen 26,,Allmän samlingslokal,Årsta Folkets Hus
"Tjäderstigen 16, 142 63 Trångsund",,Allmän samlingslokal,Stortorpsparken
Bergby byaväg 3,,Allmän samlingslokal,Bergby Skolas bygdegård
Bygdegårdsvägen 2a,,Allmän samlingslokal,Bergshamra bygdegård
Skeppsmyravägen 10,,Allmän samlingslokal,Björkö-Arholma medborgarhus
Roslagsbrovägen 147,,Allmän samlingslokal,Brogården
Stora ramviksvägen 233,,Allmän samlingslokal,Nyby bygdegård
Rävsnäs bryggväg 6,,Allmän samlingslokal,Refsnäs bygdegård
Edsbro bruksgata 27,,Allmän samlingslokal,Edsbro bygdegård
Flemmingsbergsvägen 38,,Allmän samlingslokal,Estuna bygdegård
Norra uppsalavägen 15,,Allmän samlingslokal,Folkets Hus Hallstavik
Folkets hus väg 5,,Allmän samlingslokal,Folkets Hus – Herräng
Hargs by 82,,Allmän samlingslokal,Vätö folkets hus
Byhusvägen 20,,Allmän samlingslokal,Sättra Byhus
Galles gränd 5,,Allmän samlingslokal,Folkets Hus Norrtälje
Stockholmsvägen 1a,,Allmän samlingslokal,IOGT-NTO gården i Norrtälje
Furusundsvägen 198,,Allmän samlingslokal,Lännagården
Lohäradsvägen 231a,,Allmän samlingslokal,Lohärad bygdegård
Gräddö varvsväg 12,,Allmän samlingslokal,Rådmansö bygdegård
Singö skolväg 10,,Allmän samlingslokal,Singö bygdegård
Sättrabyvägen 40,,Allmän samlingslokal,Sättraby bygdegård
Vagnsundavägen 318,,Allmän samlingslokal,Yxlan-Blidö Bygdegård
Simpnäsvägen 138,,Allmän samlingslokal,Väddö IOGT-NTO
,,Allmän samlingslokal,Tjockö bygård
Gribby byväg 75,,Allmän samlingslokal,Gribby bystuga
"Furuhällsplan 1, 196 40 Kungsängen",,Allmän samlingslokal,"Konferensrum, plan 6 kommunhuset"
"Kvistabergsvägen 4, 197 91 Bro",,Allmän samlingslokal,Kvistaberg samlingssal
"Torget 4, 196 30 Kungsängen",,Allmän samlingslokal,Dagcentralen i Kungsängen
"Kyrkvägen 22, 169 39 Kungsängen",,Allmän samlingslokal,Stockholms-Näs Hembygdsförening
"Stora Sandhagenvägen 2, 197 36 Bro",,Allmän samlingslokal,Föreningen Kulturbojen
"Prästvägen 8, 197 30 Bro",,Allmän samlingslokal,Bro-Lossa hembygdsförening
"Kyrkbyvägen 23, 197 93 Bro",,Allmän samlingslokal,Tibblegården
"Tjusta Skolväg 16, 197 93 Bro",,Allmän samlingslokal,Håtuna-Håbo-Tibble socknars hembygdsförening
Sturegatan 12,,Allmän samlingslokal,Folkets hus
Pluggvägen 6B,,Allmän samlingslokal,"Kvarnhjulet, Nyfors"
Kyrkvägen 7,,Allmän samlingslokal,Tyresö Bygdegård
Kumla Allé 47,,Allmän samlingslokal,Kumla Herrgård
"Odinsvägen 6, Dalarö",,Allmän samlingslokal,Dalarö Tullhus
Nynäsvägen 208,,Allmän samlingslokal,Västerhaninge tingshus
Kyrkgatan 8,,Allmän samlingslokal,Sorunda bygdegård
Sorunda folkets hus 1,,Allmän samlingslokal,Sorunda Folkets hus
Stadshusplatsen 3,,Allmän samlingslokal,Folkets hus
Svärdsögården 1,,Allmän samlingslokal,Svärdsögården
Västerby byväg 1,,Allmän samlingslokal,Västerby bygdegård
Ösmo centrum 4,,Allmän samlingslokal,Moa-salen
Furugatan 3,,Allmän samlingslokal,Olle Olsson Kvarteret
Hagalundsgatan 33,,Allmän samlingslokal,Ankaret
"Skärgårdsvägen 291, 139 33 Värmdö",,Allmän samlingslokal,Värmdö bygdegård
GRÄSGATAN 3,,Galleri,EDITION ROBERT MALMKVIST AKTIEBOLAG
LINNÉGATAN 31,,Galleri,ANDRÉHN - SCHIPTJENKO AKTIEBOLAG
UPPLANDSGATAN 46,,Galleri,MICKAEL STRÖMQUIST KONST & ANTIK AKTIEBOLAG
LÜTZENGATAN 12,,Galleri,Galleri Futura AB
RAGVALDSGATAN 16,,Galleri,Galleri Gösta Bergman AB
SOLLERÖVÄGEN 33,,Galleri,FLACH ART PROJECTS AB
DROTTNINGGATAN 7,,Galleri,NORDIC DESIGNS & BRANDS AB
STORGATAN 60,,Galleri,YODOI AB
BARNHUSGATAN 8,,Galleri,FRAMELAND AKTIEBOLAG
ÖSTERLÅNGGATAN 22,,Galleri,ORIGINAL GLOBAL ART AB
ULRIKAGATAN 13,,Galleri,Galleri Niklas Belenius AB
KOCKSGATAN 52,,Galleri,AB Kocksgatan 52
VÄRTAVÄGEN 16,,Galleri,Prospektiv AB
FOLKUNGAGATAN 84,,Galleri,Zukkerschnut solutions Aktiebolag
BRUNNSGATAN 21,,Galleri,Stene Projects AB
HAMMARBY SLUSSVÄG 2,,Galleri,Huset under bron AB
ODENGATAN 4,,Galleri,Erik Möller Arkitekter AB
NYBOHOVSBACKEN 45,,Galleri,Nordic Freedom AB
HAGAGATAN 14,,Galleri,ed. art svensk upplagekonst AB
STAMGATAN 5,,Galleri,E&W Cultural Exchange AB
RÖDBODTORGET 2,,Galleri,Galleri Riis AB
BECKOMBERGAVÄGEN 1,,Galleri,Manomino AB
BIRGER JARLSGATAN 67,,Galleri,Berg Gallery AB
ARTILLERIGATAN 40,,Galleri,Paul Frank McCabe Fine Art AB
REGERINGSGATAN 80,,Galleri,Domeij Gallery AB
RÖRSTRANDSGATAN 33,,Galleri,Arman Sultani Art AB
HEDINSGATAN 11,,Galleri,piqmo AB
REGERINGSGATAN 71,,Galleri,T8NG Regeringsgatan AB
HÄLSINGEGATAN 18,,Galleri,Elisabeth Fagerstedt AB
HÄGERSTENSVÄGEN 145,,Galleri,Barklund & Co AB
HÄSTHOLMSVÄGEN 17,,Galleri,Konstpunkt Stockholm AB
TANTOGATAN 75,,Galleri,Lilla Tanto Förvaltning AB
ÖSTERMALMSGATAN 61,,Galleri,Erik Nordenhake AB
KARLAVÄGEN 9,,Galleri,Globart Projects Sweden AB
NYBROGATAN 34,,Galleri,Forsberg & Bromberg Galleri Glas AB
ÖSTERMALMSGATAN 26,,Galleri,Non Violence Art Project AB
HORNSGATAN 73,,Galleri,Tuesday Company AB
GREV TUREGATAN 65,,Galleri,Above Gallery AB
SMÅLANDSGATAN 7,,Galleri,SVENSKA KONSTNÄRERNAS FÖRENING U P A
SÖDERMALMSTORG 4,,Galleri,Konsthantverkarna Stockholm ek. för.
GÖTGATAN 63,,Galleri,GALLERI HANTVERKET STOCKHOLM EK. FÖR.
HORNSGATAN 6,,Galleri,GRAFISKA SÄLLSKAPET
SMÅLANDSGATAN 7,,Galleri,Cecilia Hillström Gallery Handelsbolag AB
STRANDVÄGEN 15,,Galleri,Christina Knall Galleri AB
FREDSGATAN 12,,Galleri,
ARTILLERIGATAN 74,,Galleri,
BANÉRGATAN 42,,Galleri,
Nybrogatan 48,,Galleri,Galleri Frendberg AB
STAMGATAN 63,,Galleri,
SANKT PAULSGATAN 14,,Galleri,Seriegalleriet
KOCKSGATAN 56,,Galleri,
ALADDINSVÄGEN 25,,Galleri,Stefan Otto AB
GÄVLEGATAN 10,,Galleri,Coulisse Gallery
DALAGATAN 52,,Galleri,
DÖBELNSGATAN 24 BV,,Galleri,Charlotte Lund Art AB
ULRIKAGATAN 13 4TR,,Galleri,GALERIE BEL'ART AKTIEBOLAG
STUREGATAN 38 LGH 1201,,Galleri,CERCON AKTIEBOLAG
KARLAPLAN 7 5 TR,,Galleri,CHRISTIAN LARSEN AB
ODENGATAN 106 6TR,,Galleri,LUNDGRENS ANTIKHANDEL AKTIEBOLAG
SANDELSGATAN 42 BV,,Galleri,SCG fastighetsutveckling AB
DROTTNINGGATAN 110 1TR LGH 1102,,Galleri,ROGER BJÖRKHOLMEN AKTIEBOLAG
RÅDMANSGATAN 7 BV,,Galleri,GALLERI JAN WALLMARK AB
VÄRTAVÄGEN 33 3TR,,Galleri,TORNBERG GALLERY AB
HUDIKSVALLSGATAN 8 1TR,,Galleri,Rammakarna på Östermalm AB
TULLGRÄND 4 6TR,,Galleri,Hammarling Consulting AB
TEGNÉRLUNDEN 4 7TR.,,Galleri,ART PHOTO FOUNDATION SWEDEN AB
LINNÉGATAN 28-30,,Galleri,Bohem Interior AB
GÖTGATAN 11 3 TR,,Galleri,Farago Publishing AB
HÅRDVALLSGATAN 34 4TR,,Galleri,White Gallery AB
PETREJUSVÄGEN 51 LGH 1201,,Galleri,Ingela S Gallery AB
RINGVÄGEN 141 BV,,Galleri,Fritz Halvorsen Arkitektur AB
FRIHAMNSGATAN 28 Frihamnen Magasin 3,,Galleri,"STOCKHOLMS KONSTHALL, MAGASIN 3 KOMMANDITBOLAG"
ODENGATAN 23 LGH 1402,,Galleri,
SKÅNEGATAN 66 LGH 1101,,Galleri,
RUSTHÅLLARVÄGEN 99 BV,,Galleri,
RINGVÄGEN 82 LGH 1104,,Galleri,
BJÖRNGÅRDSGATAN 8 LGH 1002,,Galleri,"By, Caroline"
HÖGBERGSGATAN 24 LGH 1104,,Galleri,
BRAHEGATAN 3 LGH 1301,,Galleri,
HELENEBORGSGATAN 44 LGH 1301,,Galleri,
STORA GUNGANS VÄG 2 BV,,Galleri,Robin Delselius i Enskede AB
"Kyrkhamnsvägen 20, 165 72 Hässelby",,Galleri,Bladverket galleri & Kulturcafé
"Ekstigen 1, 167 51 Bromma",,Galleri,Galleraget
"Vällingby torg 43, 162 65 Vällingby",,Galleri,Galleri 16X
"Husby gård, 164 30 Kista",,Galleri,Husby konst och hantverksförening
"Jämtlandsgatan 161, 162 60 Vällingby",,Galleri,Studio ABC
,,Galleri,Galleri
,,Galleri,Galleri Bellman
,,Galleri,Galleri Lorentzon
,,Galleri,Galleri Kontrast
,,Galleri,Galleri Movitz
,,Galleri,Galleri Knall
,,Galleri,Galleri Puckeln
,,Galleri,Blås & knåda
,,Galleri,Galleri Scandinavia
,,Galleri,Galleri Momangen
,,Galleri,Galleri Bergman
,,Galleri,Ryan Photo Galleri
,,Galleri,Galleri de Bernardo
,bibliotek.vallentuna.se,Galleri,VK Ramar-Gallery
,bibliotek.vallentuna.se,Galleri,Beeg Gallery
,bibliotek.vallentuna.se,Galleri,Galleri Andersson/Sandström
,,Galleri,Galerie Nordenhake
,,Galleri,Galleri Hind
,,Galleri,Kaolin
,,Galleri,Galleri Greger
,,Galleri,Abante
,,Galleri,The Slab
,,Galleri,Konst och folk
,,Galleri,Ekvall & Törnblom
,,Galleri,Rääf
,,Galleri,Wetterling
,,Galleri,Vantörs konstförening
,,Galleri,Honey Gallery
,,Galleri,Nordic Art
,,Galleri,spg
,,Galleri,Galleri
,,Galleri,Index
,,Galleri,Galleri Inuti
,,Galleri,Nordens ljus
,,Galleri,WBL
,,Galleri,Flach
,,Galleri,Anna Bohman
Spetsgatan 2,,Galleri,Olle Olsson kvarteret
Björnstigen 137B,,Galleri,Bergagalleriet
Bergshamra torg 1,,Galleri,Galleri Mun&fot
Posthusgatan 2,,Galleri,Galleri Ekman
Billborgsgatan 3,,Galleri,Lilla K
,,Galleri,Häveröbygdens Konstförening (Hallstaviks konsthall)
Karby byväg 16,,Galleri,Stella Art Galleri
Torsåker Kvarnbacken,,Galleri,The Nut House
NYBROGATAN 3,,Galleri,SKAJS KONST- & ANTIKHANDEL AKTIEBOLAG
BIRGER JARLSGATAN 14,,Galleri,ÅMELLS KONSTHANDEL AKTIEBOLAG
KARLAVÄGEN 17,,Galleri,BÖRJE G ANDERSSON AKTIEBOLAG
SANKT ERIKSGATAN 79,,Galleri,"KONST & RAM, GALLERI S:T ERIK AKTIEBOLAG"
JAKOBSBERGSGATAN 2,,Galleri,Lars Bohman Fine Art AB
SIBYLLEGATAN 65,,Galleri,PROJECT MANAGEMENT I STOCKHOLM AKTIEBOLAG
VALHALLAVÄGEN 78,,Galleri,"Information, Communication, Technology Project Stockholm AB"
SVEAVÄGEN 82,,Galleri,Galleri Solin AB
BANÉRGATAN 10,,Galleri,Hansen Art AB
LINNÉGATAN 42,,Galleri,L BERGVALL INRAMNINGAR AKTIEBOLAG
"Klockarlötesvägen 24, 136 91 Österhaninge",,Galleri,Galleri Kyrkskolan
Vikingavägen 39,,Galleri,Konstpoolen
,,Galleri,Godsmagasinet
Förvaltarvägen 53,,Galleri,Saltskog Gård
Gamla rådhuset,,Galleri,Gamla Rådhuset
Västra Kanalgatan 8,,Galleri,Galleri Kretsen
Övre Torekällgatan 31,,Galleri,Galleri Zebra
"Tyra Lundgrensväg 19, 134 40 Gustavsberg",,Galleri,Värmdö kulturhus - Galleri i
Skytteholmsvägen 2,,Konsthall,Solna Konsthall
"Fullersta Gårdsväg 18, 141 35 Huddinge",,Konsthall,Fullersta gård
"Alfred Nobels allé 7, 141 52 Huddinge",,Konsthall,Art Space
"Skogåstorget 7-9, 142 30 Skogås",,Konsthall,Galleri Lyktan
"Fullersta Gårdsväg 18, 141 35 Huddinge",,Konsthall,Flygeln vid Fullersta gård
"Vårby allé 26, 143 40 Vårby",,Konsthall,Barnkonsten på Vårby bibliotek
Galles gränd 7,,Konsthall,Norrtälje konsthall
Hammarbyvägen 16,,Konsthall,Väsby Konsthall
Allévägen 1,,Konsthall,Vallentuna kulturhus och bibliotek
"Furuhällsplan 1, 196 40 Kungsängen",,Konsthall,Kungsängens Konsthall
,,Konsthall,Färgfabriken
,,Konsthall,Konstakademien
,,Konsthall,Tensta konsthall
,,Konsthall,Fotografiska
,,Konsthall,Bonniers konsthall
,,Konsthall,Liljevalchs
,,Konsthall,Konshall C
Löfströmsvägen 8,,Konsthall,Marabouparkens konsthall
Östangränd 7,,Konsthall,Tyresö konsthall
"Poseidons torg 8, 136 46 Handen",,Konsthall,Haninge konsthall
Stadshusplatsen 3,,Konsthall,Nynäshamns konsthall
Storgatan 15,,Konsthall,Södertälje konsthall
Veddestabron 10,,Konsthall,Bas konsthall
Väpnarstråket,,Konsthall,Jakobsbergs konsthall
"Artipelagstigen 1, 134 40 Gustavsberg",,Konsthall,Artipelag
Hagalundsgatan 38,,Konstnärlig produktionsplats/ateljé,Fabrik 38
Spetsgatan 4,,Konstnärlig produktionsplats/ateljé,Villa Odin
"Elektronvägen 30, 141 49 Huddinge","https://www.operan.se/, https://www.dramaten.se/",Konstnärlig produktionsplats/ateljé,Operan och Dramatens dekorateljéer
"Kyrkogårdsvägen 6, 141 62 Huddinge",,Konstnärlig produktionsplats/ateljé,Tonsalen
"Sundby Gårdsväg 6, 141 91 Huddinge",,Konstnärlig produktionsplats/ateljé,Litografisk verkstad i Litografiska museet
Drottninggatan 5,,Konstnärlig produktionsplats/ateljé,Lokalen Kulturverkstad
Knösgårdens väg 6,,Konstnärlig produktionsplats/ateljé,Skaparladan
Simpnäsvägen 739,,Konstnärlig produktionsplats/ateljé,Björkö Konstnod
Vegagatan 1,,Konstnärlig produktionsplats/ateljé,Designfabriken
Baldersgatan 14,,Konstnärlig produktionsplats/ateljé,Aktivitetshuset magasinet
"Bro centrum 1, 19731 Bro",,Konstnärlig produktionsplats/ateljé,Verkstan
"Båtvarvsgränd 28, 167 33 Bromma",,Konstnärlig produktionsplats/ateljé,Båtvarvets konstnärsateljéer
"Uppköparvägen 7, 120 44 Årsta",,Konstnärlig produktionsplats/ateljé,Frukthusets ateljéförening
"Bredholmstorget 4, 127 48 Skärholmen",,Konstnärlig produktionsplats/ateljé,Föreningen Folk i Skärholmen
"Ormkärrsvägen 78, 124 71 Bandhagen",,Konstnärlig produktionsplats/ateljé,Hagsätra collective
"Fatbursparken, 118 26 Stockholm",,Konstnärlig produktionsplats/ateljé,Hammarbybacke musikförening
"Östbergatorget 21, 125 73 Älvsjö",,Konstnärlig produktionsplats/ateljé,höjden
"Jämtlandsgatan 161, 162 60 Vällingby",,Konstnärlig produktionsplats/ateljé,Kollektivet i Vällingby
Mårbackagatan 11 hus H 123 43 Farsta,,Konstnärlig produktionsplats/ateljé,Konstverket
"Jämtlandsgatan 161, 162 60 Vällingby",,Konstnärlig produktionsplats/ateljé,Studio ABC
"Västbergavägen 26, 126 30 Hägersten",,Konstnärlig produktionsplats/ateljé,wip:sthlm
"Västberga allé 32, 126 30 Hägersten",,Konstnärlig produktionsplats/ateljé,Ateljéföreningen Turbinen
"LM Ericssons väg 14, 126 26 Hägersten",,Konstnärlig produktionsplats/ateljé,Telefonplan Studios
"Svärdlångsvägen 36, 120 60 Årsta",,Konstnärlig produktionsplats/ateljé,The Garage
"Norrtullsgatan 45, 113 45 Stockholm",,Konstnärlig produktionsplats/ateljé,Enkehuset förening
"Norrtullsgatan 45, 113 45 Stockholm",,Konstnärlig produktionsplats/ateljé,Ateljéföreningen Nortull
"Midsommarslingan 1, 126 30 Hägersten",,Konstnärlig produktionsplats/ateljé,Ateljéföreningen Björken
"Högerudsbacken 22, 123 73 Farsta",,Konstnärlig produktionsplats/ateljé,Midsommarkransens skola
"Glasbruksgatan 25, 116 20 Stockholm",,Konstnärlig produktionsplats/ateljé,Bruna huset
"Glasbruksgatan 25, 116 20 Stockholm",,Konstnärlig produktionsplats/ateljé,Glasbruksgatan
"Kyrkhamnsvägen 36, 165 72 Hässelby",,Konstnärlig produktionsplats/ateljé,Kyrkhamn
"Nordmarksvägen 6, 123 72 Farsta",,Konstnärlig produktionsplats/ateljé,Ateljéhuset Farsta Strand
"Alstaviksvägen 11, 117 33 Stockholm",,Konstnärlig produktionsplats/ateljé,Grafikerna 1
"Alstaviksvägen 11, 117 33 Stockholm",,Konstnärlig produktionsplats/ateljé,Grafikerna 2
"Skarpnäcks gårdsväg 6D, 128 31 Skarpnäck",,Konstnärlig produktionsplats/ateljé,Hercules
"Sjöviksbacken 60, 117 43 Stockholm",,Konstnärlig produktionsplats/ateljé,Ateljéföreningen Skarpnäck
Årsta gamla skola,,Konstnärlig produktionsplats/ateljé,Årsta gamla skola
"Vinterviksvägen 61-63, 117 65 Stockholm",,Konstnärlig produktionsplats/ateljé,Ateljéföreningen Vinterviken
"Fiskargatan 1, 116 20 Stockholm",,Konstnärlig produktionsplats/ateljé,Mosebacke ateljéhus
"Enskede gårdsväg 14, 120 47 Enskede Gård",,Konstnärlig produktionsplats/ateljé,Fyrkanten
"Enskede Gårdsväg 10, 120 47 Enskede Gård",,Konstnärlig produktionsplats/ateljé,Enskede Gård
"Fjällgatan 23, 116 28 Stockholm",,Konstnärlig produktionsplats/ateljé,Fjällgatan
"Nytorget 15B, 116 40 Stockholm",,Konstnärlig produktionsplats/ateljé,Malongen
"Bjurholmsgatan 3, 116 38 Stockholm",,Konstnärlig produktionsplats/ateljé,Tegen 2
Granängsvägen 7,,Konstnärlig produktionsplats/ateljé,konstVerket
Stadsparken 6,,Konstnärlig produktionsplats/ateljé,Ateljé & Galleri Ewa
"Handenterminalen 2, 136 40 Handen",,Konstnärlig produktionsplats/ateljé,FreeZone
"Handens Stationsväg 11, 136 40 Handen",,Konstnärlig produktionsplats/ateljé,Handenterminalen konst
"Klockarlötsvägen 26, 137 95 Österhaninge",,Konstnärlig produktionsplats/ateljé,Haningekonstnärer
"Kyrkvägen 1, 137 38 Västerhaninge",,Konstnärlig produktionsplats/ateljé,Västerhaninge hemslöjdsförening
Åkerby 12,,Konstnärlig produktionsplats/ateljé,Åkerby konstsmedja
Åkerby 15,,Konstnärlig produktionsplats/ateljé,Åkerby gård
Gabrielstorp 112,,Konstnärlig produktionsplats/ateljé,Blå Boden
Gabrielstorp 107,,Konstnärlig produktionsplats/ateljé,Torö skola
Stenstrand 69,,Konstnärlig produktionsplats/ateljé,Stenstrand keramik
Vikingavägen 39,,Konstnärlig produktionsplats/ateljé,Konstpoolen
Förvaltarvägen 53,,Konstnärlig produktionsplats/ateljé,Torö Svinhus
Västra Kanalgatan 8,,Konstnärlig produktionsplats/ateljé,Saltskog Gård
Övre Torekällgatan 31,,Konstnärlig produktionsplats/ateljé,Galleri Kretsen
"Chamottevägen 6, 134 40 Gustavsberg",,Konstnärlig produktionsplats/ateljé,Galleri Zebra
"Chamottevägen 6, 134 40 Gustavsberg",,Konstnärlig produktionsplats/ateljé,Chamottehuset
Rönningevägen 7,,Kulturhus/aktivitets-/föreningshus,Villa Skönvik
Skytteholmsvägen 2,,Kulturhus/aktivitets-/föreningshus,Folkets hus
"Sjödalstorget 1, 141 47 Huddinge",,Kulturhus/aktivitets-/föreningshus,Huddinge kulturhus
"Sjödalsvägen 46, 141 46 Huddinge",,Kulturhus/aktivitets-/föreningshus,Kultopia
Baldersgatan 14,,Kulturhus/aktivitets-/föreningshus,Aktivitetshus magasinet
Skolvägen 2,,Kulturhus/aktivitets-/föreningshus,Ungkulturhuset Vega
Hammarbyvägen 16,,Kulturhus/aktivitets-/föreningshus,Kultur i Sigma
Allévägen 1,,Kulturhus/aktivitets-/föreningshus,Vallentuna kulturhus och bibliotek
Gamla Norrtäljevägen 791,,Kulturhus/aktivitets-/föreningshus,Kvarnstugan i Brottby
Lindholmsvägen 245,,Kulturhus/aktivitets-/föreningshus,Orkesta hembygdsgård
Gymnasievägen 4B,,Kulturhus/aktivitets-/föreningshus,Vallentuna teater
Vadavägen 1C,,Kulturhus/aktivitets-/föreningshus,KUBen
Ekskogenvägen 32,,Kulturhus/aktivitets-/föreningshus,Kårsta-Ekskogens bygdegård
"Furuhällsplan 1, 19640 Kungsängen",,Kulturhus/aktivitets-/föreningshus,Kulturhuset i Kungsängen
,,Kulturhus/aktivitets-/föreningshus,Kulturhuset
,,Kulturhus/aktivitets-/föreningshus,Skarpnäcks kulturhus
,,Kulturhus/aktivitets-/föreningshus,Cyklopen
,,Kulturhus/aktivitets-/föreningshus,Alviks medborgarhus
,,Kulturhus/aktivitets-/föreningshus,Trappan Vällingby
,,Kulturhus/aktivitets-/föreningshus,Skärholmens kulturhus
,,Kulturhus/aktivitets-/föreningshus,Östberga kulturhus
,,Kulturhus/aktivitets-/föreningshus,Husby kulturhus
,,Kulturhus/aktivitets-/föreningshus,Kulturhuset Fanfaren
,,Kulturhus/aktivitets-/föreningshus,Ahlby Säteri
Sturegatan 10,,Kulturhus/aktivitets-/föreningshus,Allaktivitetshus
Milstensvägen 52,,Kulturhus/aktivitets-/föreningshus,Aktivitetshus Milot
Sturegatan 12,,Kulturhus/aktivitets-/föreningshus,Folkets hus
Pluggvägen 6 B–C,,Kulturhus/aktivitets-/föreningshus,Kulturcentrum Kvarnhjulet
"Hurtigs torg 2, 137 64 Jordbro",,Kulturhus/aktivitets-/föreningshus,Aktivitetshuset Nästa Jordbro
"Handenterminalen 2, plan 10, 136 40 Handen",,Kulturhus/aktivitets-/föreningshus,FreeZone
"Poseidons torg 8, 139 46 Handen",,Kulturhus/aktivitets-/föreningshus,Haninges kulturhus
"Vega Allé 61, 136 57 Vega",,Kulturhus/aktivitets-/föreningshus,Vega skola och aktivitetshus
Vega Allé 61,,Kulturhus/aktivitets-/föreningshus,Vega skola och aktivitetshus
Vega Allé 61,,Kulturhus/aktivitets-/föreningshus,Vega skola och aktivitetshus – Kulturrum Blackbox
Runstensvägen 13,,Kulturhus/aktivitets-/föreningshus,"Träffpunkt Tallhöjden ""Samlingssalen"""
"Rudansvägen 55, 136 50 Handen",,Kulturhus/aktivitets-/föreningshus,Rudans friluftsområde
Jungfruns gata 419,,Kulturhus/aktivitets-/föreningshus,Träffpunkt Brandbergen
Odinsvägen 20,,Kulturhus/aktivitets-/föreningshus,Träffpunkt Dalarö
Vega Allé 61,,Kulturhus/aktivitets-/föreningshus,Vega skola och aktivitetshus – Kompassen
Vega Allé 61,,Kulturhus/aktivitets-/föreningshus,Vega skola och aktivitetshus – Matsalen
Vega Allé 61,,Kulturhus/aktivitets-/föreningshus,Vega skola och aktivitetshus – Matstudion
Vega Allé 61,,Kulturhus/aktivitets-/föreningshus,Vega skola och aktivitetshus – Nordenskiöld Workshoprum
Vendelsö Skolväg 124,,Kulturhus/aktivitets-/föreningshus,Träffpunkt Djurgårdsplan
Vega Allé 61,,Kulturhus/aktivitets-/föreningshus,Vega skola och aktivitetshus – Tågrummet
Södra Jordbrovägen 25,,Kulturhus/aktivitets-/föreningshus,Träffpunkt Jordbro
Runstensvägen 13,,Kulturhus/aktivitets-/föreningshus,"Träffpunkt Tallhöjden ""Höjden"""
Vega Allé 61,,Kulturhus/aktivitets-/föreningshus,Vega skola och aktivitetshus – Segelkojen
Gabrielstorp 107,,Kulturhus/aktivitets-/föreningshus,Torö Skola
Storbygården 3,,Kulturhus/aktivitets-/föreningshus,Torö Hembygdsförening
Villagatan 5,,Kulturhus/aktivitets-/föreningshus,Stockholm Nynäs Järnvägs Kamratförening
,,Kulturhus/aktivitets-/föreningshus,Lisö Bygdegård
Hantverksvägen 2,,Kulturhus/aktivitets-/föreningshus,Assyriska kulturhuset
Turingevägen 9,,Kulturhus/aktivitets-/föreningshus,Gula Villan
Engelbrektsvägen 47,,Kulturhus/aktivitets-/föreningshus,Huset på höjden
Wilhelm Boys väg 21,,Kulturhus/aktivitets-/föreningshus,Gamla Stäketskolan
Ulvsättra gård,,Kulturhus/aktivitets-/föreningshus,Ulvsättra gård
"Tyra Lundgrensväg 19, 134 40 Gustavsberg",,Kulturhus/aktivitets-/föreningshus,Värmdö kulturhus
"Länsväg 694, 130 43 Möja",,Kulturhus/aktivitets-/föreningshus,Möja dansbana
"Sollenkrokavägen 41, 139 73 Djurhamn",,Kulturhus/aktivitets-/föreningshus,Djurö kulturhus
"Blekängsvägen 14, Gustavsberg",,Kulturhus/aktivitets-/föreningshus,Centrumhuset