source_file,row,name,city,category,website,lat_field,lon_field,pair_example,delete,reason
Attachment to Template 6 WP2_Trencin.xlsx - export.csv,57,"Happyband Orchester - Clover Media, s.r.o.",Trenčín,musical_band_orchestras,https://www.happyband.sk/,48.897509,18. 059828,,,could not parse numbers in lat/lon fields
Attachment to Template 6 WP2_Trencin.xlsx - export.csv,71,Kultúrne stredisko Záblatie,Trenčín,community_center,https://trencin.sk/pre-obcanov/kultura-a-volny-cas/kulturne-strediska/,48.8962199790922,. 17.997334219790332,,,could not parse numbers in lat/lon fields
Copy of Template 6 attachment gdańsk.xlsx - export (1).csv,6,MORZE.art,Gdańsk,,https://www.instagram.com/morze.art/,54.47394796313825,18.557262753605475,,,outside boundary
Copy of Template 6 attachment gdańsk.xlsx - export (1).csv,24,Fala Nowej Kultury,Gdańsk,,https://falanowejkultury.pl,54.52177415000484,18.543967911278035,,,outside boundary
Copy of Template 6 attachment gdańsk.xlsx - export (1).csv,27,Piana Artspace,Gdańsk,arts_and_crafts,https://www.instagram.com/piana.artspace/,54.5143948179095,18.5417651829936,,,outside boundary
Copy of Template 6 attachment gdańsk.xlsx - export (1).csv,35,Klubokawiarnia Langfuhr,Gdańsk,,https://www.instagram.com/lang.fuhr/,,,,,no coordinate fields found
Copy of Template 6 attachment gdańsk.xlsx - export (1).csv,36,Drukarnia Cafe,Gdańsk,,https://www.instagram.com/drukarniacafe/?hl=pl,,,,,no coordinate fields found
Copy of Template 6 attachment gdańsk.xlsx - export (1).csv,37,Luis Cafe,Gdańsk,,https://www.instagram.com/cafeluis_gdansk/,,,,,no coordinate fields found
Copy of Template 6 attachment gdańsk.xlsx - export (1).csv,38,Atelier Biscuit ceramika,Gdańsk,,https://www.atelierbiscuit.art,,,,,no coordinate fields found
Copy of Template 6 attachment gdańsk.xlsx - export (1).csv,39,Lepiej ceramika,Gdańsk,,https://www.instagram.com/lepiej_ceramika/,,,,,no coordinate fields found
Copy of Template 6 attachment gdańsk.xlsx - export (1).csv,40,Wela Ont ceramika,Gdańsk,,https://welaont.pl,,,,,no coordinate fields found
Madrid attachment template 4 startup-madrid.xlsx - export.csv,521,Infinito Delicias,Madrid,art_gallery,https://www.infinitodelicias.com/,40.396.824,-3.692.761,,,could not parse numbers in lat/lon fields
STARTUP-STOCKHOLM - THOMAS MAGNUS ELLI - export (1).csv,2682,Framtidsmuseet,,arcade,https://framtidsmuseet.com/,,,,,no coordinate fields found
Template 6 attachment ILS.xlsx - export.csv,9,Kotburschi Kollektiv,Dortmund Bochum Gelsenkirchen,,https://kotburschi.de/,n/a,,,,could not parse numbers in lat/lon fields
Template 6 attachment-MADRID.xlsx - export.xlsx - Blad 1 - Template 6 attachment-.csv,2,,,,,,,,,no coordinate fields found
Template 6 attachment-MADRID.xlsx - export.xlsx - Blad 1 - Template 6 attachment-.csv,3,,,,,,,,,no coordinate fields found
Template 6 attachment-MADRID.xlsx - export.xlsx - Blad 1 - Template 6 attachment-.csv,4,,,,,,,,,no coordinate fields found
Template 6 attachment-MADRID.xlsx - export.xlsx - Blad 1 - Template 6 attachment-.csv,5,,,,,,,,,no coordinate fields found
Template 6 attachment-MADRID.xlsx - export.xlsx - Blad 1 - Template 6 attachment-.csv,6,,,,,,,,,no coordinate fields found
Template 6 attachment-MADRID.xlsx - export.xlsx - Blad 1 - Template 6 attachment-.csv,7,,,,,,,,,no coordinate fields found
Template 6 attachment-MADRID.xlsx - export.xlsx - Blad 1 - Template 6 attachment-.csv,8,,,,,,,,,no coordinate fields found
Template 6 attachment-MADRID.xlsx - export.xlsx - Blad 1 - Template 6 attachment-.csv,9,,,,,,,,,no coordinate fields found
Template 6 attachment-MADRID.xlsx - export.xlsx - Blad 1 - Template 6 attachment-.csv,10,,,,,,,,,no coordinate fields found
Template 6 attachment-MADRID.xlsx - export.xlsx - Blad 1 - Template 6 attachment-.csv,11,,,,,,,,,no coordinate fields found
Template 6 attachment-MADRID.xlsx - export.xlsx - Blad 1 - Template 6 attachment-.csv,12,,,,,,,,,no coordinate fields found
Template 6 attachment-MADRID.xlsx - export.xlsx - Blad 1 - Template 6 attachment-.csv,13,,,,,,,,,no coordinate fields found
Template 6 attachment-MADRID.xlsx - export.xlsx - Blad 1 - Template 6 attachment-.csv,14,,,,,,,,,no coordinate fields found
Template 6 attachment-MADRID.xlsx - export.xlsx - Blad 1 - Template 6 attachment-.csv,15,,,,,,,,,no coordinate fields found
Template 6 attachment-MADRID.xlsx - export.xlsx - Blad 1 - Template 6 attachment-.csv,16,,,,,,,,,no coordinate fields found
Template 6 attachment-MADRID.xlsx - export.xlsx - Blad 1 - Template 6 attachment-.csv,17,,,,,,,,,no coordinate fields found
Template 6 attachment-MADRID.xlsx - export.xlsx - Blad 1 - Template 6 attachment-.csv,18,,,,,,,,,no coordinate fields found
Template 6 attachment-MADRID.xlsx - export.xlsx - Blad 1 - Template 6 attachment-.csv,19,,,,,,,,,no coordinate fields found
Template 6 attachment-MADRID.xlsx - export.xlsx - Blad 1 - Template 6 attachment-.csv,20,,,,,,,,,no coordinate fields found
Template 6 attachment-MADRID.xlsx - export.xlsx - Blad 1 - Template 6 attachment-.csv,21,,,,,,,,,no coordinate fields found
Template 6 attachment-MADRID.xlsx - export.xlsx - Blad 1 - Template 6 attachment-.csv,22,,,,,,,,,no coordinate fields found
Template 6 attachment-MADRID.xlsx - export.xlsx - Blad 1 - Template 6 attachment-.csv,23,,,,,,,,,no coordinate fields found
Template 6 attachment-MADRID.xlsx - export.xlsx - Blad 1 - Template 6 attachment-.csv,24,,,,,,,,,no coordinate fields found
Template 6 attachment-MADRID.xlsx - export.xlsx - Blad 1 - Template 6 attachment-.csv,25,,,,,,,,,no coordinate fields found
Template 6 attachment-MADRID.xlsx - export.xlsx - Blad 1 - Template 6 attachment-.csv,26,,,,,,,,,no coordinate fields found
Template 6 attachment-MADRID.xlsx - export.xlsx - Blad 1 - Template 6 attachment-.csv,27,,,,,,,,,no coordinate fields found
Template 6 attachment-MADRID.xlsx - export.xlsx - Blad 1 - Template 6 attachment-.csv,28,,,,,,,,,no coordinate fields found
Template 6 attachment-MADRID.xlsx - export.xlsx - Blad 1 - Template 6 attachment-.csv,29,,,,,,,,,no coordinate fields found
Template 6 attachment-MADRID.xlsx - export.xlsx - Blad 1 - Template 6 attachment-.csv,30,,,,,,,,,no coordinate fields found
Template 6 attachment_Seville.xlsx - export (1).csv,14,Harta Teatro (compañía),Sevilla,Theathre,https://hartateatro.es,,,,,no coordinate fields found
startup-gdańsk.xlsx - export.csv,2,mijabo film,Gdańsk,animation_studio,https://patronite.pl/mborucki,54.4948495,18.5378149,,,outside boundary
startup-gdańsk.xlsx - export.csv,194,Akwarium Galeria Sztuki,Gdańsk,art_gallery,Ingen webbplats,54.51908,18.53957,,,outside boundary
startup-gdańsk.xlsx - export.csv,205,Didado,Gdańsk,art_gallery,http://didado.art/,54.4963655,18.5504262,,,outside boundary
startup-gdańsk.xlsx - export.csv,211,Fine Arts Gallery Szary Ganek,Gdańsk,art_gallery,https://szaryganek.pl/,54.2550974,18.6319145,,,outside boundary
startup-gdańsk.xlsx - export.csv,215,Galeria 78,Gdańsk,art_gallery,http://www.galeria78.art.pl,54.5139136,18.5399471,,,outside boundary
startup-gdańsk.xlsx - export.csv,217,Galeria Debiut,Gdańsk,art_gallery,https://www.gov.pl/web/plastykgdynia,54.4813671,18.5638108,,,outside boundary
startup-gdańsk.xlsx - export.csv,218,Galeria Gdyńskiego Centrum Filmowego,Gdańsk,art_gallery,https://gcf.org.pl/galeria/,54.517033,18.543286,,,outside boundary
startup-gdańsk.xlsx - export.csv,240,Galeria Żuławska,Gdańsk,art_gallery,Ingen webbplats,54.136009,19.008931,,,outside boundary
startup-gdańsk.xlsx - export.csv,247,Gdynia Design Days,Gdańsk,art_gallery,http://www.gdyniadesigndays.eu/,54.4952615,18.5375312,,,outside boundary
startup-gdańsk.xlsx - export.csv,251,Halo Kultura,Gdańsk,art_gallery,Ingen webbplats,54.5222889,18.5338194,,,outside boundary
startup-gdańsk.xlsx - export.csv,256,KIT Pracownia/Galeria,Gdańsk,art_gallery,Ingen webbplats,54.44222,18.56108,,,outside boundary
startup-gdańsk.xlsx - export.csv,271,Państwowa Galeria Sztuki,Gdańsk,art_gallery,http://pgs.pl,54.43654,18.56669,,,outside boundary
startup-gdańsk.xlsx - export.csv,272,Państwowa Galeria Sztuki,Gdańsk,art_gallery,http://www.pgs.pl/,54.4454563,18.5697759,,,outside boundary
startup-gdańsk.xlsx - export.csv,280,Przypływ,Gdańsk,art_gallery,https://linktr.ee/przyplyw,54.51929,18.53582,,,outside boundary
startup-gdańsk.xlsx - export.csv,281,PUNKT,Gdańsk,art_gallery,http://ounktgallery.com/,54.5247927,18.544836,,,outside boundary
startup-gdańsk.xlsx - export.csv,285,Sopocka Galeria Sztuki,Gdańsk,art_gallery,http://sopockagaleriasztuki.pl/,54.4358079,18.5615634,,,outside boundary
startup-gdańsk.xlsx - export.csv,290,Traffic Design,Gdańsk,art_gallery,http://www.trafficdesign.pl/,54.5211495,18.5448211,,,outside boundary
startup-gdańsk.xlsx - export.csv,292,tuBaza,Gdańsk,art_gallery,http://tubaza.org/,54.4737021,18.557342,,,outside boundary
startup-gdańsk.xlsx - export.csv,298,Galeria Na Wyspie,Gdańsk,art_museum,http://www.mdk.elblag.pl/,54.1557715,19.391505,,,outside boundary
startup-gdańsk.xlsx - export.csv,301,Muzeum Miodu i Pszczelarstwa,Gdańsk,art_museum,Ingen webbplats,54.1737658,18.7010316,,,outside boundary
startup-gdańsk.xlsx - export.csv,308,ARTmania - szkoła artystyczna,Gdańsk,art_school,https://www.instagram.com/artmaniaschool/,54.5470297,18.4538522,,,outside boundary
startup-gdańsk.xlsx - export.csv,309,ArtStudio Oksywie,Gdańsk,art_school,Ingen webbplats,54.5533373,18.5338029,,,outside boundary
startup-gdańsk.xlsx - export.csv,313,Domin Gdynia Nauka Rysunku,Gdańsk,art_school,https://domin-gdynia.pl/,54.5203812,18.5258859,,,outside boundary
startup-gdańsk.xlsx - export.csv,320,Kunsztownia,Gdańsk,art_school,http://eepurl.com/hXLCAn,54.5163312,18.531602,,,outside boundary
startup-gdańsk.xlsx - export.csv,323,Makagigi Studio,Gdańsk,art_school,Ingen webbplats,54.1580542,19.397112,,,outside boundary
startup-gdańsk.xlsx - export.csv,325,Music Inn,Gdańsk,art_school,http://www.musicinn.pl/,54.5671082,18.4039079,,,outside boundary
startup-gdańsk.xlsx - export.csv,329,Pracownia Malarstwa i Grafiki,Gdańsk,art_school,http://www.pracowniamig.pl/,54.542124,18.4621338,,,outside boundary
startup-gdańsk.xlsx - export.csv,334,Szkoła artystyczna Port Art,Gdańsk,art_school,http://www.portart.pl/,54.3941421,18.4012488,,,outside boundary
startup-gdańsk.xlsx - export.csv,335,Szkoła Fotografii FOTOMEDIA,Gdańsk,art_school,http://www.fotomedia.com.pl/,54.4390668,18.5610355,,,outside boundary
startup-gdańsk.xlsx - export.csv,341,A&R Pracownia pomysłów.,Gdańsk,arts_and_crafts,http://pracowniapomyslow.com.pl/,54.2568196,18.6344104,,,outside boundary
startup-gdańsk.xlsx - export.csv,343,AliLinka Makrama,Gdańsk,arts_and_crafts,https://www.instagram.com/alilinka_makrama/,54.5856759,18.4062029,,,outside boundary
startup-gdańsk.xlsx - export.csv,345,Annex Deco,Gdańsk,arts_and_crafts,http://www.annexdeco.com/,54.3598867,18.4342362,,,outside boundary
startup-gdańsk.xlsx - export.csv,348,BohoMazy,Gdańsk,arts_and_crafts,Ingen webbplats,54.5172974,18.5286525,,,outside boundary
startup-gdańsk.xlsx - export.csv,351,Deco Hobby,Gdańsk,arts_and_crafts,http://www.decohobby.com.pl/,54.5202984,18.5416039,,,outside boundary
startup-gdańsk.xlsx - export.csv,356,Eco-Packing,Gdańsk,arts_and_crafts,http://www.eco-packing.eu/,54.4922899,18.5334699,,,outside boundary
startup-gdańsk.xlsx - export.csv,357,Ekologiczne Świece Sojowe Good Energy,Gdańsk,arts_and_crafts,https://sklep127.wixsite.com/swiecegoodenergy,54.5156588,18.5387961,,,outside boundary
startup-gdańsk.xlsx - export.csv,359,Fun Łata,Gdańsk,arts_and_crafts,http://www.funlata.pl/,54.5567345,18.5066414,,,outside boundary
startup-gdańsk.xlsx - export.csv,365,Glinki Krystynki,Gdańsk,arts_and_crafts,http://www.S49.pl/,54.49742,18.49753,,,outside boundary
startup-gdańsk.xlsx - export.csv,370,KokoNove,Gdańsk,arts_and_crafts,https://www.kokonove.com/,54.2677333,18.6786717,,,outside boundary
startup-gdańsk.xlsx - export.csv,371,Kraszewska Pracownia,Gdańsk,arts_and_crafts,http://kraszewskapracownia.com/,54.5609367,18.4131454,,,outside boundary
startup-gdańsk.xlsx - export.csv,372,Kreatywny Zakątek,Gdańsk,arts_and_crafts,Ingen webbplats,54.4631648,18.495741,,,outside boundary
startup-gdańsk.xlsx - export.csv,373,Łapp to! Ceramika,Gdańsk,arts_and_crafts,http://www.lapptoceramika.pl/,54.3276797,18.5171634,,,outside boundary
startup-gdańsk.xlsx - export.csv,375,Lion Candles,Gdańsk,arts_and_crafts,Ingen webbplats,54.5142649,18.5374532,,,outside boundary
startup-gdańsk.xlsx - export.csv,376,Lunarium MoonCenter,Gdańsk,arts_and_crafts,Ingen webbplats,54.2610288,18.6538466,,,outside boundary
startup-gdańsk.xlsx - export.csv,377,Małe Rzeczy,Gdańsk,arts_and_crafts,Ingen webbplats,54.4369772,18.5613274,,,outside boundary
startup-gdańsk.xlsx - export.csv,380,Ogród Kreatywności Studio B Ceramika,Gdańsk,arts_and_crafts,Ingen webbplats,54.5641659,18.4116452,,,outside boundary
startup-gdańsk.xlsx - export.csv,381,Old fashion ribbons,Gdańsk,arts_and_crafts,http://www.oldfashionribbon.com/,54.52701,18.45927,,,outside boundary
startup-gdańsk.xlsx - export.csv,389,Pracownia Bettineum Gdynia,Gdańsk,arts_and_crafts,https://bettineum.wixsite.com/bettineum,54.4729367,18.4614687,,,outside boundary
startup-gdańsk.xlsx - export.csv,390,Pracownia Dziewanna,Gdańsk,arts_and_crafts,Ingen webbplats,54.5540106,18.5096242,,,outside boundary
startup-gdańsk.xlsx - export.csv,391,Pracownia Garncarska Urszula Pietrzak,Gdańsk,arts_and_crafts,http://pracowniagarncarska.pl/,54.49449,18.5512,,,outside boundary
startup-gdańsk.xlsx - export.csv,392,Pracownia Mewa,Gdańsk,arts_and_crafts,Ingen webbplats,54.5415138,18.4656188,,,outside boundary
startup-gdańsk.xlsx - export.csv,393,Pracownia Sikoreczka,Gdańsk,arts_and_crafts,https://pracowniasikoreczka.etsy.com/,54.2590302,18.6618466,,,outside boundary
startup-gdańsk.xlsx - export.csv,406,Terra Vibes Pracownia Ceramiki,Gdańsk,arts_and_crafts,Ingen webbplats,54.4836829,18.5376504,,,outside boundary
startup-gdańsk.xlsx - export.csv,412,5 Talentów Pracownia Twórczego Rozwoju,Gdańsk,arts_and_entertainment,http://www.5talentow.pl/,54.2468699,18.4746171,,?,outside boundary
startup-gdańsk.xlsx - export.csv,413,Acartus,Gdańsk,arts_and_entertainment,https://www.acartus.pl/,54.52139,18.5434309,,?,outside boundary
startup-gdańsk.xlsx - export.csv,416,Aquamarine Ceramics,Gdańsk,arts_and_entertainment,Ingen webbplats,54.56032,18.40803,,,outside boundary
startup-gdańsk.xlsx - export.csv,418,Art Babette,Gdańsk,arts_and_entertainment,http://www.artbabette.pl/,54.5152688,18.5268206,,,outside boundary
startup-gdańsk.xlsx - export.csv,419,Art Media,Gdańsk,arts_and_entertainment,http://www.artmedia.gda.pl/,54.5227379,18.542638,,,outside boundary
startup-gdańsk.xlsx - export.csv,429,Centrum Kultury w Gdyni,Gdańsk,arts_and_entertainment,http://www.ckgdynia.pl/,54.48497,18.5257929,,,outside boundary
startup-gdańsk.xlsx - export.csv,431,Chwaszczyno,Gdańsk,arts_and_entertainment,http://chwaszczyno.com,54.4433291,18.4191371,,,outside boundary
startup-gdańsk.xlsx - export.csv,434,Delfinalia,Gdańsk,arts_and_entertainment,https://turnup-tickets.pl/delfinalia-2025,54.5188179,18.557716,,,outside boundary
startup-gdańsk.xlsx - export.csv,451,Gdynia InfoBox,Gdańsk,arts_and_entertainment,http://www.gdynia.pl/infobox,54.5187571,18.5417952,,,outside boundary
startup-gdańsk.xlsx - export.csv,452,Gdyńskie Centrum Animacji,Gdańsk,arts_and_entertainment,http://www.gca.edu.pl/,54.5395739,18.50388,,,outside boundary
startup-gdańsk.xlsx - export.csv,457,Kino Letnie w Orłowie,Gdańsk,arts_and_entertainment,http://www.kinoletnie.info/,54.4756012,18.5623141,,,outside boundary
startup-gdańsk.xlsx - export.csv,465,LeArt Studio,Gdańsk,arts_and_entertainment,Ingen webbplats,54.51774,18.53625,,,outside boundary
startup-gdańsk.xlsx - export.csv,467,Lilki Szpilki,Gdańsk,arts_and_entertainment,http://lilkiszpilki.pl/,54.5127417,18.5404537,,,outside boundary
startup-gdańsk.xlsx - export.csv,469,Malort,Gdańsk,arts_and_entertainment,http://www.malortgdynia.pl/,54.5402462,18.4606187,,,outside boundary
startup-gdańsk.xlsx - export.csv,472,MOSt Vinyl Shop,Gdańsk,arts_and_entertainment,Ingen webbplats,54.5171045,18.5431619,,,outside boundary
startup-gdańsk.xlsx - export.csv,474,Nibylandia,Gdańsk,arts_and_entertainment,http://www.nibylandia-gdynia.pl/,54.5378844,18.4698212,,,outside boundary
startup-gdańsk.xlsx - export.csv,475,O81 Kolektyw,Gdańsk,arts_and_entertainment,Ingen webbplats,54.4774446,18.5526896,,,outside boundary
startup-gdańsk.xlsx - export.csv,485,Sopocka Noc Kabaretu,Gdańsk,arts_and_entertainment,http://trendybar.placeweb.site/,54.4447452,18.5449176,,,outside boundary
startup-gdańsk.xlsx - export.csv,486,Stowarzyszenie Laboratorium Sztuki,Gdańsk,arts_and_entertainment,Ingen webbplats,54.1602523,19.3942519,,,outside boundary
startup-gdańsk.xlsx - export.csv,487,Studio Konsulat,Gdańsk,arts_and_entertainment,https://www.gck.gdynia.pl/,54.5232173,18.5379319,,,outside boundary
startup-gdańsk.xlsx - export.csv,488,Studio Muzyczne Bezpresji,Gdańsk,arts_and_entertainment,Ingen webbplats,54.55604,18.48003,,,outside boundary
startup-gdańsk.xlsx - export.csv,489,Świetlica Wiejska w Straszynie,Gdańsk,arts_and_entertainment,Ingen webbplats,54.2703494,18.5712504,,,outside boundary
startup-gdańsk.xlsx - export.csv,491,Tajemniczy Las,Gdańsk,arts_and_entertainment,http://www.tajemniczylas.pl/,54.4297158,18.5260391,,,outside boundary
startup-gdańsk.xlsx - export.csv,497,Tutti Szkoła Małych Artystów,Gdańsk,arts_and_entertainment,http://www.tutti.edu.pl/,54.2758426,18.5839824,,,outside boundary
startup-gdańsk.xlsx - export.csv,498,Tworzywo Warsztaty Sztuk Plastycznych,Gdańsk,arts_and_entertainment,https://ignatowicz-wisniewska.art/pl/pracownia-tworzywo,54.2594078,18.6741529,,,outside boundary
startup-gdańsk.xlsx - export.csv,506,White Noise Studio,Gdańsk,arts_and_entertainment,http://whitenoisestudio.pl/,54.5247184,18.5178053,,,outside boundary
startup-gdańsk.xlsx - export.csv,509,Wolna Przestrzeń Warsztaty,Gdańsk,arts_and_entertainment,http://morzeapartamenty.com.pl/wolna-przestrzen/,54.4782547,18.556813,,,outside boundary
startup-gdańsk.xlsx - export.csv,528,"Ogród & Wielka Majówka - targi, wystawa, piknik rodzinny",Gdańsk,attractions_and_activities,http://www.ogrod-gdynia.pl/,54.4732,18.55584,,,outside boundary
startup-gdańsk.xlsx - export.csv,531,Otwarty Ogród Społeczny przy SP 23 w Gdyni,Gdańsk,attractions_and_activities,http://sp23gdynia.pl/index.php/projekty-edukacyjne/otwarty-ogrod-spoleczny,54.5177,18.5388,,,outside boundary
startup-gdańsk.xlsx - export.csv,571,Sopocki Dom Aukcyjny,Gdańsk,auction_house,http://www.sda.pl,54.4436625,18.5649735,,,outside boundary
startup-gdańsk.xlsx - export.csv,574,Ambelucja,Gdańsk,bookstore,http://www.ambelucja.pl/,54.4381876,18.572742,,,outside boundary
startup-gdańsk.xlsx - export.csv,575,Antykwariat Michał Z. Dankowski,Gdańsk,bookstore,http://www.antykwariat-dankowski.pl/,54.5646041,18.4112639,,,outside boundary
startup-gdańsk.xlsx - export.csv,577,Antykwariat Remus Gdynia,Gdańsk,bookstore,https://g.co/kgs/iaeePKL,54.5199834,18.5388462,,,outside boundary
startup-gdańsk.xlsx - export.csv,578,Ars Dewocjonalia,Gdańsk,bookstore,http://www.arsdewocjonalia.pl/,54.5196419,18.5348736,,,outside boundary
startup-gdańsk.xlsx - export.csv,580,Cafe Ksiegarnia Vademecum,Gdańsk,bookstore,http://vademecumgdynia.org/,54.5210114,18.5433557,,,outside boundary
startup-gdańsk.xlsx - export.csv,581,Czec Książki i Upominki folk Kaszubskie,Gdańsk,bookstore,http://www.czec.pl/,54.4978822,18.5041367,,,outside boundary
startup-gdańsk.xlsx - export.csv,583,Eme's books Księgarnia Internetowa,Gdańsk,bookstore,https://usborne.com/gb/sell-usborne-books/join?partnerCode=c3eb45054aa85bf2027d7a7d4902c22c&utm_source=Partner&utm_medium=Social,54.45,18.5667,,,outside boundary
startup-gdańsk.xlsx - export.csv,591,Książnica Polska Księgarnia Portowa,Gdańsk,bookstore,https://ksiaznica.pl/,54.5188298,18.5395201,,,outside boundary
startup-gdańsk.xlsx - export.csv,593,Księgarnia Chylonia,Gdańsk,bookstore,https://www.skuppodrecznikowchylonia.pl/,54.5418622,18.461968,,,outside boundary
startup-gdańsk.xlsx - export.csv,594,Księgarnia Gdynia,Gdańsk,bookstore,http://www.7plus24.pl/,54.51787,18.54165,,,outside boundary
startup-gdańsk.xlsx - export.csv,595,Księgarnia KOGA,Gdańsk,bookstore,http://www.ksiegarniakoga.pl/,54.518335,18.5428639,,,outside boundary
startup-gdańsk.xlsx - export.csv,597,Księgarnia Książka dla Ciebie,Gdańsk,bookstore,https://koalicjadlasopotu.pl/,54.4446399,18.566095,,,outside boundary
startup-gdańsk.xlsx - export.csv,599,Księgarnia Smak Słowa,Gdańsk,bookstore,http://www.sklep.smakslowa.pl/,54.4428801,18.5607393,,,outside boundary
startup-gdańsk.xlsx - export.csv,600,Księgarnia św. Pawła,Gdańsk,bookstore,http://www.ksiegarniaswpawla.pl/,54.5175,18.5424893,,,outside boundary
startup-gdańsk.xlsx - export.csv,603,Księgarnia Włóczykij,Gdańsk,bookstore,Ingen webbplats,54.5165316,18.5414739,,,outside boundary
startup-gdańsk.xlsx - export.csv,605,Mały Książek,Gdańsk,bookstore,Ingen webbplats,54.1725832,18.6933658,,,outside boundary
startup-gdańsk.xlsx - export.csv,613,Polanglo,Gdańsk,bookstore,http://www.polanglo.pl,54.517191,18.541841,,,outside boundary
startup-gdańsk.xlsx - export.csv,615,Roza Wiatrow,Gdańsk,bookstore,https://ksiaznica.pl/,54.5211157,18.5359857,,,outside boundary
startup-gdańsk.xlsx - export.csv,617,Science Store Gdynia,Gdańsk,bookstore,http://www.sciencestore.pl/,54.4944257,18.5389594,,,outside boundary
startup-gdańsk.xlsx - export.csv,619,Sopocki Antykwariat,Gdańsk,bookstore,http://cienwiatru-antykwariat.pl,54.437971,18.5611212,,,outside boundary
startup-gdańsk.xlsx - export.csv,626,Teresa Przybylska,Gdańsk,bookstore,Ingen webbplats,54.4343493,18.5610259,,,outside boundary
startup-gdańsk.xlsx - export.csv,634,Radio Kaszëbë,Gdańsk,broadcasting_media_production,http://www.radiokaszebe.pl/,54.5281812,18.5018831,,,outside boundary
startup-gdańsk.xlsx - export.csv,635,Radio Spin,Gdańsk,broadcasting_media_production,http://www.toksyna.fm/,54.2702895,18.5710421,,,outside boundary
startup-gdańsk.xlsx - export.csv,636,Stowarzyszenie Białorusinów na Pomorzu,Gdańsk,broadcasting_media_production,http://Sbp-pomorze.com/,54.4511885,18.5509983,,,outside boundary
startup-gdańsk.xlsx - export.csv,639,BNP Paribas Kino Letnie,Gdańsk,cinema,http://www.kinoletnie.pl/,54.4452697,18.569261,,,outside boundary
startup-gdańsk.xlsx - export.csv,641,Cinemundo,Gdańsk,cinema,Ingen webbplats,54.30337,18.5393,,,outside boundary
startup-gdańsk.xlsx - export.csv,645,Gdyńskie Centrum Filmowe,Gdańsk,cinema,https://gcf.org.pl/,54.517138,18.5432513,,,outside boundary
startup-gdańsk.xlsx - export.csv,659,Kino na Bursztynowym Szlaku,Gdańsk,cinema,https://ckis-pruszcz.bilety24.pl/,54.2609696,18.6438432,,,outside boundary
startup-gdańsk.xlsx - export.csv,663,Kino Studyjne W Gcf,Gdańsk,cinema,Ingen webbplats,54.5169524,18.5432966,,,outside boundary
startup-gdańsk.xlsx - export.csv,664,Kino Teatr Grom,Gdańsk,cinema,Ingen webbplats,54.542219,18.546437,,,outside boundary
startup-gdańsk.xlsx - export.csv,668,Kino Za Rogiem Stegna,Gdańsk,cinema,Ingen webbplats,54.3266279,19.1142682,,,outside boundary
startup-gdańsk.xlsx - export.csv,669,Kino Żuławy,Gdańsk,cinema,http://www.kinozarogiem.pl/nasze-kina/249,54.2134585,19.1132086,,,outside boundary
startup-gdańsk.xlsx - export.csv,677,Nautilus Gdynia,Gdańsk,cinema,http://batyskafnautilus.pl/,54.5182823,18.5584617,,,outside boundary
startup-gdańsk.xlsx - export.csv,679,Szortownia,Gdańsk,cinema,http://szortownia.wordpress.com/,54.4801243,18.5644698,,,outside boundary
startup-gdańsk.xlsx - export.csv,685,Księgarnia Idea,Gdańsk,comic_books_store,Ingen webbplats,54.214125,19.1155935,,,outside boundary
startup-gdańsk.xlsx - export.csv,690,"Dom Kultury ""Janowo""",Gdańsk,community_center,http://www.smj-rumia.pl,54.56561,18.41778,,,outside boundary
startup-gdańsk.xlsx - export.csv,699,Kaszubskie Forum Kultury,Gdańsk,community_center,Ingen webbplats,54.5082691,18.5474899,,,outside boundary
startup-gdańsk.xlsx - export.csv,701,Młodzieżowy Dom Kultury,Gdańsk,community_center,http://www.mdk.elblag.pl/,54.1558189,19.3917385,,,outside boundary
startup-gdańsk.xlsx - export.csv,702,Młodzieżowy Dom Kultury SOPOT,Gdańsk,community_center,http://www.mdk.sopot.pl/,54.4405275,18.5605067,,,outside boundary
startup-gdańsk.xlsx - export.csv,703,Nowawarszawa,Gdańsk,community_center,http://www.nowawarszawa.pl,54.447601,18.568302,,,outside boundary
startup-gdańsk.xlsx - export.csv,704,Nowostawskie Centrum Kultury i Biblioteki,Gdańsk,community_center,http://nckibnowystaw.pl/index.php/kontakt-menu-item,54.1366952,19.007846,,,outside boundary
startup-gdańsk.xlsx - export.csv,705,O K S i B P,Gdańsk,community_center,http://www.kulturatutaj.pl/,54.230262,18.640864,,,outside boundary
startup-gdańsk.xlsx - export.csv,706,Piwnica Kultury,Gdańsk,community_center,Ingen webbplats,54.3289799,19.1722637,,,outside boundary
startup-gdańsk.xlsx - export.csv,708,Pracownia Teatru i Teatru Ruchu w MDK Sopot,Gdańsk,community_center,http://mdk.sopot.pl/,54.44034,18.56071,,,outside boundary
startup-gdańsk.xlsx - export.csv,710,Przedszkole Alternatywne Bose Stopy,Gdańsk,community_center,http://bosestopy.com/,54.4643505,18.4862785,,,outside boundary
startup-gdańsk.xlsx - export.csv,711,Przystań Kajakowa Mokry Dwór,Gdańsk,community_center,Ingen webbplats,54.2938101,18.7162711,,,outside boundary
startup-gdańsk.xlsx - export.csv,712,SAKiS,Gdańsk,community_center,https://discord.gg/a6bKbw6u6k,54.2709803,18.4679161,,,outside boundary
startup-gdańsk.xlsx - export.csv,714,Stowarzyszenie Aktywne Kosakowo,Gdańsk,community_center,https://aktywnekosakowo.pl/,54.5861087,18.4928418,,,outside boundary
startup-gdańsk.xlsx - export.csv,715,Straż Miejska w Sopocie. Dyżurka,Gdańsk,community_center,https://bip.sopot.pl/,54.4400544,18.5648134,,,outside boundary
startup-gdańsk.xlsx - export.csv,718,Żuławski Ośrodek Kultury,Gdańsk,community_center,http://www.zok.zokndg.webd.pro/,54.2133657,19.112937,,,outside boundary
startup-gdańsk.xlsx - export.csv,736,Adapa,Gdańsk,community_services_non_profits,http://www.fundacjaadapa.pl/,54.4986656,18.5409946,,,outside boundary
startup-gdańsk.xlsx - export.csv,740,Alternatywy 5,Gdańsk,community_services_non_profits,Ingen webbplats,54.4606767,18.54967,,,outside boundary
startup-gdańsk.xlsx - export.csv,751,Between Pomiędzy,Gdańsk,community_services_non_profits,https://between.org.pl/,54.4448634,18.559554,,,outside boundary
startup-gdańsk.xlsx - export.csv,760,Centrum Integracja Gdynia,Gdańsk,community_services_non_profits,http://www.integracja.org/,54.511738,18.538412,,,outside boundary
startup-gdańsk.xlsx - export.csv,763,Centrum Integracji Społecznej w Gdyni TPBA Koło Gdańskie,Gdańsk,community_services_non_profits,http://bezdomnosc.org.pl/index.php/cis-gdynia,54.539797,18.504053,,,outside boundary
startup-gdańsk.xlsx - export.csv,764,Centrum Integracji Społecznej w Sopocie - TPBA Koło Gdańskie,Gdańsk,community_services_non_profits,http://bezdomnosc.org.pl/index.php/punkt-sopot,54.454655,18.558071,,,outside boundary
startup-gdańsk.xlsx - export.csv,770,Chummy House,Gdańsk,community_services_non_profits,https://www.chummyhouse.pl/,54.4387055,18.5650713,,,outside boundary
startup-gdańsk.xlsx - export.csv,771,Cisza,Gdańsk,community_services_non_profits,Ingen webbplats,54.5516081,18.5030264,,,outside boundary
startup-gdańsk.xlsx - export.csv,779,DKF Kurort,Gdańsk,community_services_non_profits,http://www.dkfkurort.pl/,54.4439512,18.5677891,,,outside boundary
startup-gdańsk.xlsx - export.csv,780,Dogtor. Fundacja,Gdańsk,community_services_non_profits,http://www.dogtor.org.pl/,54.5197332,18.528902,,,outside boundary
startup-gdańsk.xlsx - export.csv,784,Dom Pomocy Społecznej w Sopocie i Sopockie Centrum Seniora,Gdańsk,community_services_non_profits,http://dpssopot.pl/,54.4389,18.54695,,,outside boundary
startup-gdańsk.xlsx - export.csv,791,Elbląskie Towarzystwo Kulturalne,Gdańsk,community_services_non_profits,http://www.etk.elblag.pl/,54.1606693,19.3921409,,,outside boundary
startup-gdańsk.xlsx - export.csv,800,Fab Lab Trójmiasto,Gdańsk,community_services_non_profits,http://www.FabLabT.org/,54.4736162,18.5575118,,,outside boundary
startup-gdańsk.xlsx - export.csv,819,Fundacja Człowiek w Kulturze,Gdańsk,community_services_non_profits,Ingen webbplats,54.4457447,18.5678104,,,outside boundary
startup-gdańsk.xlsx - export.csv,821,Fundacja diversityPL,Gdańsk,community_services_non_profits,http://www.diversitypl.org/,54.4300167,18.5612721,,,outside boundary
startup-gdańsk.xlsx - export.csv,832,Fundacja Fly,Gdańsk,community_services_non_profits,http://fundacjafly.pl/,54.518049,18.5417244,,,outside boundary
startup-gdańsk.xlsx - export.csv,834,Fundacja Gdyński Most Nadziei,Gdańsk,community_services_non_profits,http://www.mostnadziei.pl/,54.5109202,18.5377367,,,outside boundary
startup-gdańsk.xlsx - export.csv,836,Fundacja Global Wave,Gdańsk,community_services_non_profits,https://web.facebook.com/GlobalWaveFoundation,54.1558287,19.3919658,,,outside boundary
startup-gdańsk.xlsx - export.csv,838,Fundacja Grupy Ergo Hestia Integralia,Gdańsk,community_services_non_profits,http://integralia.pl/,54.4310028,18.5862969,,,outside boundary
startup-gdańsk.xlsx - export.csv,841,Fundacja im. Ks. Jana Kaczkowskiego,Gdańsk,community_services_non_profits,http://fundacjakaczkowskiego.org/,54.4401008,18.570276,,,outside boundary
startup-gdańsk.xlsx - export.csv,853,"Fundacja KIWI - Kreatywność, Inicjatywa, Wielokulturowość, Integracja",Gdańsk,community_services_non_profits,http://fundacjakiwi.pl/,54.25517,18.63189,,,outside boundary
startup-gdańsk.xlsx - export.csv,865,Fundacja Mój Kącik,Gdańsk,community_services_non_profits,https://fundacja-mojkacik.pl/,54.261168,18.6378311,,,outside boundary
startup-gdańsk.xlsx - export.csv,885,Fundacja Pro Bono Societas,Gdańsk,community_services_non_profits,https://www.kalamo.pl/dzialania-spoleczne/,54.4996395,18.5469837,,,outside boundary
startup-gdańsk.xlsx - export.csv,897,Fundacja SŁOWO,Gdańsk,community_services_non_profits,http://www.fundacjaslowo.pl/,54.573536,18.400182,,,outside boundary
startup-gdańsk.xlsx - export.csv,913,Fundacja Złote Skrzydła,Gdańsk,community_services_non_profits,http://www.zloteskrzydla.org/,54.2920775,18.4275296,,,outside boundary
startup-gdańsk.xlsx - export.csv,928,Gdynia dla Orkiestry,Gdańsk,community_services_non_profits,http://www.gdyniadlaorkiestry.pl/,54.5220119,18.5446684,,,outside boundary
startup-gdańsk.xlsx - export.csv,929,Gdynia OdNowa: Rewitalizacja,Gdańsk,community_services_non_profits,https://gdyniaodnowa.pl/,54.52233,18.54494,,,outside boundary
startup-gdańsk.xlsx - export.csv,951,Iluzjon,Gdańsk,community_services_non_profits,http://www.iluzjon.com.pl/,54.4445392,18.5687894,,,outside boundary
startup-gdańsk.xlsx - export.csv,964,K3-Kulturalne Trójmiasto,Gdańsk,community_services_non_profits,https://baptyscigdynia.pl/,54.5194101,18.5280632,,,outside boundary
startup-gdańsk.xlsx - export.csv,965,Kalamo - warsztaty dla dorosłych,Gdańsk,community_services_non_profits,Ingen webbplats,54.49681,18.54314,,,outside boundary
startup-gdańsk.xlsx - export.csv,966,Kaminski Foundation,Gdańsk,community_services_non_profits,https://kaminskifoundation.life/,54.49591,18.5383,,,outside boundary
startup-gdańsk.xlsx - export.csv,967,KGW Babki w Kleszczach,Gdańsk,community_services_non_profits,Ingen webbplats,54.19306,18.51686,,,outside boundary
startup-gdańsk.xlsx - export.csv,969,"Klub 1, 2, 3",Gdańsk,community_services_non_profits,Ingen webbplats,54.5156668,18.5310063,,,outside boundary
startup-gdańsk.xlsx - export.csv,970,Klub Alternative,Gdańsk,community_services_non_profits,Ingen webbplats,54.53903,18.49047,,,outside boundary
startup-gdańsk.xlsx - export.csv,971,Klub Centrum Arrupe w Gdyni,Gdańsk,community_services_non_profits,http://www.arrupe.org/,54.515738,18.525401,,,outside boundary
startup-gdańsk.xlsx - export.csv,972,Klub Felinologiczny Baltic Feline,Gdańsk,community_services_non_profits,http://balticfeline.pl/,54.5214289,18.5398726,,,outside boundary
startup-gdańsk.xlsx - export.csv,977,Klub Krokus,Gdańsk,community_services_non_profits,Ingen webbplats,54.5116931,18.5368001,,,outside boundary
startup-gdańsk.xlsx - export.csv,979,Klub Nowodworski,Gdańsk,community_services_non_profits,http://klubnowodworski.pl/,54.21278,19.113565,,,outside boundary
startup-gdańsk.xlsx - export.csv,987,Klub Zoe,Gdańsk,community_services_non_profits,Ingen webbplats,54.4968933,18.5071496,,,outside boundary
startup-gdańsk.xlsx - export.csv,991,Koło Gospodyń Wiejskich w Straszynie,Gdańsk,community_services_non_profits,Ingen webbplats,54.27025,18.57108,,,outside boundary
startup-gdańsk.xlsx - export.csv,993,Koło Naukowe EMPIRIA,Gdańsk,community_services_non_profits,http://www.swps.pl/knintegra,54.431323,18.567068,,,outside boundary
startup-gdańsk.xlsx - export.csv,996,KomuKulturka,Gdańsk,community_services_non_profits,http://www.komukulturka.org.pl/,54.2706721,18.4688348,,,outside boundary
startup-gdańsk.xlsx - export.csv,997,Koncerty na Kochanowskiego,Gdańsk,community_services_non_profits,Ingen webbplats,54.2598294,18.666144,,,outside boundary
startup-gdańsk.xlsx - export.csv,998,Kooperacja Sopot,Gdańsk,community_services_non_profits,http://kooperacjasopot.org.pl/,54.43933,18.56019,,,outside boundary
startup-gdańsk.xlsx - export.csv,999,Laboratorium Innowacji Społecznych,Gdańsk,community_services_non_profits,http://lis.gdynia.pl/,54.4948856,18.5381054,,,outside boundary
startup-gdańsk.xlsx - export.csv,1005,Lions Club Gdynia,Gdańsk,community_services_non_profits,http://www.gdynia.lions.org.pl/,54.5172924,18.5418989,,,outside boundary
startup-gdańsk.xlsx - export.csv,1007,Lokalna Grupa Działania Trzy Krajobrazy,Gdańsk,community_services_non_profits,http://trzykrajobrazy.pl/,54.2509324,18.641311,,,outside boundary
startup-gdańsk.xlsx - export.csv,1020,Mrowisko - Klub Kolbudy,Gdańsk,community_services_non_profits,https://www.mrowisko.org.pl/,54.2674578,18.4756136,,,outside boundary
startup-gdańsk.xlsx - export.csv,1040,Oratorium św. Dominika Savio w Rumi,Gdańsk,community_services_non_profits,http://www.oratorium-rumia.salezjanie.pl/,54.5674493,18.4058088,,,outside boundary
startup-gdańsk.xlsx - export.csv,1048,Parlament Studentów Uniwersytetu Morskiego,Gdańsk,community_services_non_profits,http://www.psam.am.gdynia.pl/,54.5263669,18.5120044,,,outside boundary
startup-gdańsk.xlsx - export.csv,1071,Polskie Towarzystwo Historyczne Elbląg,Gdańsk,community_services_non_profits,http://www.pth.elblag.pl/aktualnosci/,54.1565844,19.3936092,,,outside boundary
startup-gdańsk.xlsx - export.csv,1132,Rotary Club Elbląg Centrum,Gdańsk,community_services_non_profits,Ingen webbplats,54.1597729,19.3955749,,,outside boundary
startup-gdańsk.xlsx - export.csv,1150,Sopart,Gdańsk,community_services_non_profits,http://sopart.pl/,54.44292,18.55908,,,outside boundary
startup-gdańsk.xlsx - export.csv,1152,Sopocki Klub Fotograficzny,Gdańsk,community_services_non_profits,https://skf.edu.pl/,54.441257,18.560417,,,outside boundary
startup-gdańsk.xlsx - export.csv,1153,Sopockie Centrum Integracji i Wsparcia Cudzoziemców,Gdańsk,community_services_non_profits,Ingen webbplats,54.45468,18.55808,,,outside boundary
startup-gdańsk.xlsx - export.csv,1154,Sopockie Centrum Organizacji Pozarządowych i Wolontariatu,Gdańsk,community_services_non_profits,http://scop.sopot.pl/,54.4390523,18.5620147,,,outside boundary
startup-gdańsk.xlsx - export.csv,1156,Sopockie Towarzystwo Naukowe,Gdańsk,community_services_non_profits,http://stn.edu.pl/,54.4507575,18.5638865,,,outside boundary
startup-gdańsk.xlsx - export.csv,1159,Środowiskowy Dom Samopomocy,Gdańsk,community_services_non_profits,Ingen webbplats,54.5620024,18.5056544,,,outside boundary
startup-gdańsk.xlsx - export.csv,1162,"Stowarzyszenie  ""Kreatywni""",Gdańsk,community_services_non_profits,http://kreatywni.ngo/,54.5366399,18.4850413,,,outside boundary
startup-gdańsk.xlsx - export.csv,1164,"Stowarzyszenie ""Żuławy Gdańskie""",Gdańsk,community_services_non_profits,http://www.zulawy.org/,54.2411632,18.8148541,,,outside boundary
startup-gdańsk.xlsx - export.csv,1172,Stowarzyszenie Coolturalny Nowy Staw,Gdańsk,community_services_non_profits,Ingen webbplats,54.1367801,19.0078451,,,outside boundary
startup-gdańsk.xlsx - export.csv,1189,Stowarzyszenie Mieszkańców Gminy Kosakowo,Gdańsk,community_services_non_profits,http://www.kosakowo.org/,54.5491921,18.5147933,,,outside boundary
startup-gdańsk.xlsx - export.csv,1191,Stowarzyszenie Miłośników Pojazdów Zabytkowych,Gdańsk,community_services_non_profits,http://www.gdynskie-muzeum-motoryzacji.pl,54.5468301,18.4571589,,,outside boundary
startup-gdańsk.xlsx - export.csv,1192,Stowarzyszenie Miłośników Truso,Gdańsk,community_services_non_profits,http://www.truso.com.pl/,54.1566011,19.3934492,,,outside boundary
startup-gdańsk.xlsx - export.csv,1194,Stowarzyszenie Muzykow Jazzowych,Gdańsk,community_services_non_profits,http://smjazz.pl/,54.4341993,18.5690134,,,outside boundary
startup-gdańsk.xlsx - export.csv,1195,Stowarzyszenie Na Drodze Ekspresji,Gdańsk,community_services_non_profits,http://www.ekspresja.org/,54.43865,18.56199,,,outside boundary
startup-gdańsk.xlsx - export.csv,1203,Stowarzyszenie Pamięci Obozu Konzentrationslager Stutthof,Gdańsk,community_services_non_profits,Ingen webbplats,54.4356499,18.5653983,,,outside boundary
startup-gdańsk.xlsx - export.csv,1211,Stowarzyszenie Przyjaciół Pruszcza Gdańskiego,Gdańsk,community_services_non_profits,http://www.stow-wiezi.org.pl/,54.2598144,18.6295402,,,outside boundary
startup-gdańsk.xlsx - export.csv,1213,Stowarzyszenie Przyjaciół Ziemi Żuławskiej,Gdańsk,community_services_non_profits,Ingen webbplats,54.32329,18.74259,,,outside boundary
startup-gdańsk.xlsx - export.csv,1220,Stowarzyszenie św. Mikołaja Biskupa,Gdańsk,community_services_non_profits,http://www.bpmikolaj.pl/,54.5385365,18.4791437,,,outside boundary
startup-gdańsk.xlsx - export.csv,1223,Stowarzyszenie Talent,Gdańsk,community_services_non_profits,http://talent.edu.pl/,54.4948892,18.5381088,,,outside boundary
startup-gdańsk.xlsx - export.csv,1235,Stowarzyszenie Żuławy,Gdańsk,community_services_non_profits,http://www.stowarzyszeniezulawy.org.pl,54.2137746,19.1128365,,,outside boundary
startup-gdańsk.xlsx - export.csv,1240,Świetlica w Lipince NCKiB,Gdańsk,community_services_non_profits,Ingen webbplats,54.12162,19.12209,,,outside boundary
startup-gdańsk.xlsx - export.csv,1241,Świetlica w Tralewie NCKiB,Gdańsk,community_services_non_profits,https://www.facebook.com/nckibtralewo,54.10298,19.00109,,,outside boundary
startup-gdańsk.xlsx - export.csv,1256,Towarzystwo Miłośników Gdyni,Gdańsk,community_services_non_profits,https://tmg.org.pl/,54.5109573,18.5377811,,,outside boundary
startup-gdańsk.xlsx - export.csv,1257,Towarzystwo Przyjaciol Orlowa,Gdańsk,community_services_non_profits,http://www.orlowo.gdynia.pl/,54.481505,18.5640189,,,outside boundary
startup-gdańsk.xlsx - export.csv,1258,Towarzystwo Przyjazni Polsko-Francuskiej,Gdańsk,community_services_non_profits,https://tppfgdynia.com.pl/,54.5132563,18.5399328,,,outside boundary
startup-gdańsk.xlsx - export.csv,1288,Zrzeszenie Kaszubsko -Pomorskie Pruszcz Gdański,Gdańsk,community_services_non_profits,https://kaszubi.pl/o/pruszczgdanski,54.26101,18.64373,,,outside boundary
startup-gdańsk.xlsx - export.csv,1291,Zrzeszenie Kaszubsko-Pomorskie,Gdańsk,community_services_non_profits,https://kaszubi.pl/part/gdynia/index,54.5128058,18.5417094,,,outside boundary
startup-gdańsk.xlsx - export.csv,1292,Zrzeszenie Kaszubsko-Pomorskie o/ Dębogórze Kosakowo,Gdańsk,community_services_non_profits,http://www.fb.com/zkp.debogorze,54.5898505,18.4813604,,,outside boundary
startup-gdańsk.xlsx - export.csv,1299,Zwiazek Ludnosci Niemieckiej W Gdyni,Gdańsk,community_services_non_profits,Ingen webbplats,54.55486,18.48905,,,outside boundary
startup-gdańsk.xlsx - export.csv,1303,Art 39,Gdańsk,cultural_center,http://www.art39.pl/,54.4798538,18.5568724,,,outside boundary
startup-gdańsk.xlsx - export.csv,1304,"Białoruskie Towarzystwo Kulturalne ""Chatka""",Gdańsk,cultural_center,https://www.btkchatka.org/,54.43485,18.56217,,,outside boundary
startup-gdańsk.xlsx - export.csv,1306,Fundacja Chillout Classic,Gdańsk,cultural_center,http://www.chilloutclassic.com/,54.2831,18.5752,,,outside boundary
startup-gdańsk.xlsx - export.csv,1307,Fundacja Ogród Kreacji,Gdańsk,cultural_center,http://ogrodkreacji.pl/,54.4615846,18.5430143,,,outside boundary
startup-gdańsk.xlsx - export.csv,1310,Gdyńskie Centrum Kultury,Gdańsk,cultural_center,http://www.konsulatkultury.pl/,54.52319,18.53796,,,outside boundary
startup-gdańsk.xlsx - export.csv,1311,Goyki 3 Art Inkubator,Gdańsk,cultural_center,http://www.goyki3.pl/,54.4487001,18.5598597,,,outside boundary
startup-gdańsk.xlsx - export.csv,1313,Kosakowskie Centrum Kultury,Gdańsk,cultural_center,http://www.kulturakosakowo.pl/,54.5938805,18.5002662,,,outside boundary
startup-gdańsk.xlsx - export.csv,1314,LASY,Gdańsk,cultural_center,http://www.operalesna.pl/,54.44468,18.54549,,,outside boundary
startup-gdańsk.xlsx - export.csv,1315,Mamuszki 14,Gdańsk,cultural_center,Ingen webbplats,54.451,18.56593,,,outside boundary
startup-gdańsk.xlsx - export.csv,1316,Morska 34 - Niezależny Dom Kultury,Gdańsk,cultural_center,https://ndkm34.pl/,54.5250324,18.5170323,,,outside boundary
startup-gdańsk.xlsx - export.csv,1320,Świetlica Wiejska w Różynach,Gdańsk,cultural_center,Ingen webbplats,54.20552,18.66453,,,outside boundary
startup-gdańsk.xlsx - export.csv,1323,Żuławski Ośrodek Kultury i Sportu,Gdańsk,cultural_center,http://www.zokis.eu/,54.2517099,18.8455911,,,outside boundary
startup-gdańsk.xlsx - export.csv,1340,Creative Dance Rumia,Gdańsk,dance_school,http://www.creativedance.pl/,54.5711686,18.4081442,,,outside boundary
startup-gdańsk.xlsx - export.csv,1343,Dance Fusion,Gdańsk,dance_school,http://www.dancefusion.com.pl/,54.5161875,18.5343849,,,outside boundary
startup-gdańsk.xlsx - export.csv,1353,Fundacja Akademia Sztuki Baletowej,Gdańsk,dance_school,http://www.asb-balet.pl/,54.4572345,18.5353099,,,outside boundary
startup-gdańsk.xlsx - export.csv,1397,Teatr Tańca dla dzieci Gdynia,Gdańsk,dance_school,https://teatrtiyoway.pl/,54.5359409,18.4894056,,,outside boundary
startup-gdańsk.xlsx - export.csv,1402,Zespół SPIN,Gdańsk,dance_school,https://spin-rumia.pl/,54.5776807,18.4000231,,,outside boundary
startup-gdańsk.xlsx - export.csv,1524,Faktoria Pruszcz Gdański,Gdańsk,history_museum,http://www.faktoria-pruszcz.pl/,54.2498616,18.6233026,,,outside boundary
startup-gdańsk.xlsx - export.csv,1526,Fundacja Pomorska Inicjatywa Historyczna,Gdańsk,history_museum,http://www.fundacja-pih.pl/,54.5195629,18.5291843,,,outside boundary
startup-gdańsk.xlsx - export.csv,1531,Muzeum Sopotu,Gdańsk,history_museum,http://www.muzeumsopotu.pl/,54.4399975,18.5760659,,,outside boundary
startup-gdańsk.xlsx - export.csv,1532,Muzeum Stutthof,Gdańsk,history_museum,http://www.stutthof.org/,54.3282215,19.1539532,,,outside boundary
startup-gdańsk.xlsx - export.csv,1533,Muzeum w Elblągu,Gdańsk,history_museum,http://www.muzeum.elblag.pl/,54.1567162,19.3942909,,,outside boundary
startup-gdańsk.xlsx - export.csv,1537,ORP Błyskawica,Gdańsk,history_museum,http://www.muzeummw.pl,54.519589,18.5509128,,,outside boundary
startup-gdańsk.xlsx - export.csv,1539,Rybackie Mini Muzeum w Sopocie,Gdańsk,history_museum,Ingen webbplats,54.4374903,18.5795976,,,outside boundary
startup-gdańsk.xlsx - export.csv,1540,"Ship Museum ORP ""błyskawica"", Gdynia",Gdańsk,history_museum,Ingen webbplats,54.51841,18.55718,,,outside boundary
startup-gdańsk.xlsx - export.csv,1544,Twierdza Wisłoujście - Muzeum Historyczne Miasta Gdańska,Gdańsk,history_museum,Ingen webbplats,54.4368315,18.5705231,,,outside boundary
startup-gdańsk.xlsx - export.csv,1756,Biblioteka Elblaska,Gdańsk,library,http://www.bibliotekaelblaska.pl/,54.1573989,19.393674,,,outside boundary
startup-gdańsk.xlsx - export.csv,1758,Biblioteka Gdynia. Dyrekcja,Gdańsk,library,http://www.bibliotekagdynia.pl/,54.5055801,18.5364931,,,outside boundary
startup-gdańsk.xlsx - export.csv,1759,Biblioteka Główna AMW,Gdańsk,library,http://www.bg.amw.gdynia.pl/,54.5436986,18.5417833,,,outside boundary
startup-gdańsk.xlsx - export.csv,1762,Biblioteka i świetlica w Tujsku,Gdańsk,library,Ingen webbplats,54.27561,19.13575,,,outside boundary
startup-gdańsk.xlsx - export.csv,1765,Biblioteka Miejska Filia nr 7,Gdańsk,library,Ingen webbplats,54.51343,18.53276,,,outside boundary
startup-gdańsk.xlsx - export.csv,1766,Biblioteka Młodego Czytelnika BULAJ,Gdańsk,library,Ingen webbplats,54.1573757,19.3949899,,,outside boundary
startup-gdańsk.xlsx - export.csv,1768,Biblioteka na Żuławach,Gdańsk,library,http://kulturatutaj.pl/,54.2926508,18.7217748,,,outside boundary
startup-gdańsk.xlsx - export.csv,1769,Biblioteka Obłuże,Gdańsk,library,bibliotekagdynia.pl,54.5518184,18.5022108,,,outside boundary
startup-gdańsk.xlsx - export.csv,1773,Biblioteka Pod Żabką,Gdańsk,library,Ingen webbplats,54.54292,18.46077,,,outside boundary
startup-gdańsk.xlsx - export.csv,1776,Biblioteka Publiczna Gminna Muzeum miodu,Gdańsk,library,http://gbppszczolki.pl/,54.1734106,18.7007461,,,outside boundary
startup-gdańsk.xlsx - export.csv,1777,Biblioteka Publiczna Gminy Kosakowo,Gdańsk,library,http://www.biblioteka.kosakowo.eu/,54.5876269,18.4922004,,,outside boundary
startup-gdańsk.xlsx - export.csv,1778,Biblioteka Publiczna Gminy Sztutowo,Gdańsk,library,http://www.bpsztutowo.pl/,54.3293599,19.1717532,,,outside boundary
startup-gdańsk.xlsx - export.csv,1779,Biblioteka Publiczna Miasta i Gminy Nowy Dwór Gdański,Gdańsk,library,http://bpndg.org/,54.2139303,19.1130192,,,outside boundary
startup-gdańsk.xlsx - export.csv,1781,Biblioteka Publiczna w Ostaszewie,Gdańsk,library,Ingen webbplats,54.21442,18.9498,,,outside boundary
startup-gdańsk.xlsx - export.csv,1782,Biblioteka Sopocka,Gdańsk,library,http://mbp.sopot.pl/,54.4482652,18.5594888,,,outside boundary
startup-gdańsk.xlsx - export.csv,1788,Biblioteka w Jantarze,Gdańsk,library,Ingen webbplats,54.3323,19.03452,,,outside boundary
startup-gdańsk.xlsx - export.csv,1789,Biblioteka z Pasją,Gdańsk,library,Ingen webbplats,54.4967303,18.5380212,,,outside boundary
startup-gdańsk.xlsx - export.csv,1794,Filia Biblioteczna w Rybinie,Gdańsk,library,https://www.stegnagok.pl/biblioteka,54.28994,19.12878,,,outside boundary
startup-gdańsk.xlsx - export.csv,1797,Gminna Bibioteka Publiczna,Gdańsk,library,http://zokis.eu/strona-gminna-biblioteka-publiczna#o-nas,54.2487889,18.8454319,,,outside boundary
startup-gdańsk.xlsx - export.csv,1798,Gminna Biblioteka Publiczna im. Stefana .Zeromskiego,Gdańsk,library,http://www.biblioteka-stegna.gokstegna.pl/,54.3273213,19.1119877,,,outside boundary
startup-gdańsk.xlsx - export.csv,1799,"Gminna Biblioteka Publiczna, Trąbki Wielkie",Gdańsk,library,http://www.gbp-trabkiwielkie.pl/,54.1728519,18.5365082,,,outside boundary
startup-gdańsk.xlsx - export.csv,1800,Kostka - Biblioteka,Gdańsk,library,Ingen webbplats,54.1887,19.39776,,,outside boundary
startup-gdańsk.xlsx - export.csv,1802,Mediateka w Straszynie,Gdańsk,library,http://www.oksibp.pruszczgda.pl/,54.2702585,18.571111,,,outside boundary
startup-gdańsk.xlsx - export.csv,1803,Miejska Biblioteka Publiczna Filia nr 18,Gdańsk,library,http://www.mbpgdynia.pl,54.5430976,18.4610674,,,outside boundary
startup-gdańsk.xlsx - export.csv,1804,Miejska Biblioteka Publiczna Filia nr 2,Gdańsk,library,http://www.mbpgdynia.pl,54.52097,18.54469,,,outside boundary
startup-gdańsk.xlsx - export.csv,1805,Miejska Biblioteka Publiczna Filia nr 4,Gdańsk,library,Ingen webbplats,54.104012,18.8045875,,,outside boundary
startup-gdańsk.xlsx - export.csv,1806,Miejska Biblioteka Publiczna im. J. Wybickiego Filia nr 5,Gdańsk,library,Ingen webbplats,54.4385651,18.5730731,,,outside boundary
startup-gdańsk.xlsx - export.csv,1807,Miejska Biblioteka Publiczna. Filia nr 16,Gdańsk,library,http://www.mbpgdynia.pl,54.51955,18.528265,,,outside boundary
startup-gdańsk.xlsx - export.csv,1808,Miejska Biblioteka Publiczna. Wypożyczalnia Centralna,Gdańsk,library,http://www.mbpgdynia.pl,54.5148515,18.5388433,,,outside boundary
startup-gdańsk.xlsx - export.csv,1812,Powiatowa i Miejska Biblioteka Publiczna,Gdańsk,library,http://www.biblioteka-pruszcz.pl/,54.25762,18.63286,,,outside boundary
startup-gdańsk.xlsx - export.csv,1813,Sopoteka,Gdańsk,library,http://www.mbp.sopot.pl/,54.44124,18.56293,,,outside boundary
startup-gdańsk.xlsx - export.csv,1814,Społeczna Biblioteka Historyczna / Pruszcz Gdański,Gdańsk,library,Ingen webbplats,54.2462713,18.6314178,,,outside boundary
startup-gdańsk.xlsx - export.csv,1816,Warmińsko-Mazurska Biblioteka Pedagogiczna w Elblągu,Gdańsk,library,http://www.wmbp.edu.pl/,54.1577035,19.3942823,,,outside boundary
startup-gdańsk.xlsx - export.csv,1827,Kulczyński Filmlab,Gdańsk,movie_television_studio,http://www.k-filmlab.com/,54.448713,18.5599039,,,outside boundary
startup-gdańsk.xlsx - export.csv,1829,Maj Film Produkcja Filmowa,Gdańsk,movie_television_studio,http://www.majfilm.pl/,54.4967331,18.5380249,,,outside boundary
startup-gdańsk.xlsx - export.csv,1843,Wytwórnia Filmów Wariacja,Gdańsk,movie_television_studio,http://wariacja.pl/,54.5018252,18.4196559,,,outside boundary
startup-gdańsk.xlsx - export.csv,1845,Dar Pomorza,Gdańsk,museum,https://nmm.pl/dar-pomorza/,54.5194323,18.5528066,,,outside boundary
startup-gdańsk.xlsx - export.csv,1853,Gdyńskie Muzeum Motoryzacji,Gdańsk,museum,http://www.gdynskie-muzeum-motoryzacji.pl,54.5468747,18.4571351,,,outside boundary
startup-gdańsk.xlsx - export.csv,1854,Grodzisko w Sopocie,Gdańsk,museum,https://archeologia.pl/oddzialy/grodzisko-w-sopocie/,54.4520166,18.5607522,,,outside boundary
startup-gdańsk.xlsx - export.csv,1856,Jantarvia Car Museum,Gdańsk,museum,http://jantarvia.pl/,54.3323841,19.0463991,,,outside boundary
startup-gdańsk.xlsx - export.csv,1859,Mini Muzeum Gdyni,Gdańsk,museum,Ingen webbplats,54.5192831,18.5358228,,,outside boundary
startup-gdańsk.xlsx - export.csv,1860,Morskie Tajemnice,Gdańsk,museum,https://morskietajemnice.pl/,54.595963,18.811287,,,outside boundary
startup-gdańsk.xlsx - export.csv,1861,Museum of Archeology and History,Gdańsk,museum,http://www.muzeum.elblag.pl/,54.1565877,19.3939248,,,outside boundary
startup-gdańsk.xlsx - export.csv,1867,Muzeum Bursztynu Bursztynowa Komnata,Gdańsk,museum,http://www.bursztynowakomnata.com/,54.326624,19.1131235,,,outside boundary
startup-gdańsk.xlsx - export.csv,1869,Muzeum Emigracji w Gdyni,Gdańsk,museum,https://polska1.pl/,54.5330809,18.5478497,,,outside boundary
startup-gdańsk.xlsx - export.csv,1871,Muzeum Kameralne,Gdańsk,museum,https://www.haletargowegdynia.pl/,54.522388,18.5346566,,,outside boundary
startup-gdańsk.xlsx - export.csv,1875,Muzeum Marynarki Wojennej w Gdyni,Gdańsk,museum,http://www.muzeummw.pl/,54.5158383,18.5479557,,,outside boundary
startup-gdańsk.xlsx - export.csv,1876,Muzeum Miasta Gdyni,Gdańsk,museum,http://muzeumgdynia.pl/,54.5159425,18.5473088,,,outside boundary
startup-gdańsk.xlsx - export.csv,1879,Muzeum Sztuki Polskiej w Sopocie,Gdańsk,museum,Ingen webbplats,54.4487,18.56346,,,outside boundary
startup-gdańsk.xlsx - export.csv,1883,Muzeum Żuławskie,Gdańsk,museum,http://www.klubnowodworski.pl,54.212903,19.1133616,,,outside boundary
startup-gdańsk.xlsx - export.csv,1890,Pomorskie Muzeum Motoryzacji i Techniki w Gdyni,Gdańsk,museum,Ingen webbplats,54.51144,18.54528,,,outside boundary
startup-gdańsk.xlsx - export.csv,1891,Pęd Sztuki - Galeria,Gdańsk,museum,Ingen webbplats,54.521623,18.529455,,,outside boundary
startup-gdańsk.xlsx - export.csv,1893,Skansen Pszczelarski w Karczowiskach,Gdańsk,museum,http://www.skansenpszczelarski.pl/,54.1174301,19.360284,,,outside boundary
startup-gdańsk.xlsx - export.csv,1897,Ulica Brydżowa. Muzeum Kart Do Gry,Gdańsk,museum,http://www.fundacja.trefl.com/,54.5399511,18.5042851,,,outside boundary
startup-gdańsk.xlsx - export.csv,1902,Żuławski Park Historyczny,Gdańsk,museum,http://www.zph.org.pl/,54.2129997,19.1133225,,,outside boundary
startup-gdańsk.xlsx - export.csv,1904,Bismusic.pl,Gdańsk,music_and_dvd_store,http://bismusic.pl/sklep/,54.5348,18.48683,,,outside boundary
startup-gdańsk.xlsx - export.csv,1906,drumPartners,Gdańsk,music_and_dvd_store,http://www.drumpartners.pl/,54.5247358,18.5412736,,,outside boundary
startup-gdańsk.xlsx - export.csv,1912,Salon Muzyczny Puls,Gdańsk,music_and_dvd_store,Ingen webbplats,54.5219605,18.5326168,,,outside boundary
startup-gdańsk.xlsx - export.csv,1920,centrala_gdynia - studio nagrań i sala prób muzycznych,Gdańsk,music_production,https://centralagdynia.pl/,54.516302,18.5402475,,,outside boundary
startup-gdańsk.xlsx - export.csv,1922,Fader Up Studio,Gdańsk,music_production,https://faderup.studio/,54.4965236,18.5069558,,,outside boundary
startup-gdańsk.xlsx - export.csv,1925,Humidor Records Sp. z o.o.,Gdańsk,music_production,http://www.humidorrecords.com/,54.4258947,18.5647876,,,outside boundary
startup-gdańsk.xlsx - export.csv,1929,Maro Records,Gdańsk,music_production,http://www.marorecords.com/,54.4870333,18.5212082,,,outside boundary
startup-gdańsk.xlsx - export.csv,1931,Nord Audio Project Studio,Gdańsk,music_production,Ingen webbplats,54.2461651,18.6253093,,,outside boundary
startup-gdańsk.xlsx - export.csv,1935,PRI Zone Studio Nagrań,Gdańsk,music_production,http://prizone.pl/,54.5569596,18.4768038,,,outside boundary
startup-gdańsk.xlsx - export.csv,1936,Rehearsal Ramtamtam,Gdańsk,music_production,http://ramtamtam.pl/,54.442597,18.5591452,,,outside boundary
startup-gdańsk.xlsx - export.csv,1939,SHR Events,Gdańsk,music_production,https://shr-events.business.site/,54.489004,18.5476261,,,outside boundary
startup-gdańsk.xlsx - export.csv,1940,SHR Studios Dominik Szumny,Gdańsk,music_production,https://shrstudios.pl/,54.488941,18.5475484,,,outside boundary
startup-gdańsk.xlsx - export.csv,1943,Sound 8,Gdańsk,music_production,http://www.sound8.pl/,54.5122568,18.5405524,,,outside boundary
startup-gdańsk.xlsx - export.csv,1944,SRS Studio,Gdańsk,music_production,Ingen webbplats,54.5455071,18.4705384,,,outside boundary
startup-gdańsk.xlsx - export.csv,1945,Strefa Dźwięku - Sala Prób,Gdańsk,music_production,http://www.proxim-wybrzeze.pl/strefa-dzwieku/,54.5518,18.50229,,,outside boundary
startup-gdańsk.xlsx - export.csv,1947,Studio Nagrań ARD Gdynia,Gdańsk,music_production,http://ard.edu.pl/,54.543081,18.454788,,,outside boundary
startup-gdańsk.xlsx - export.csv,1950,Tall Pine Records,Gdańsk,music_production,http://www.tallpine.pl/,54.2695172,18.4595932,,,outside boundary
startup-gdańsk.xlsx - export.csv,1951,Tridente Art Studio,Gdańsk,music_production,Ingen webbplats,54.5559966,18.4534323,,,outside boundary
startup-gdańsk.xlsx - export.csv,1952,Trytom. Tomasz Trymbulak,Gdańsk,music_production,http://www.trytomstudio.com/,54.4845109,18.5364296,,,outside boundary
startup-gdańsk.xlsx - export.csv,1957,ARTIS. Szkoła Muzyczna,Gdańsk,music_school,http://www.nsmartis.org/,54.3058052,18.5694956,,,outside boundary
startup-gdańsk.xlsx - export.csv,1959,Concertino,Gdańsk,music_school,http://www.concertino.pl,54.4785465,18.5537451,,,outside boundary
startup-gdańsk.xlsx - export.csv,1968,Logic Music Studio,Gdańsk,music_school,http://logicmusicstudio.business.site/,54.5110947,18.5342244,,,outside boundary
startup-gdańsk.xlsx - export.csv,1971,Musicollective,Gdańsk,music_school,http://www.musicollectivestudio.pl/,54.4845998,18.5363805,,,outside boundary
startup-gdańsk.xlsx - export.csv,1978,Przystań Muzyka,Gdańsk,music_school,http://www.przystanmuzyka.pl/,54.4957644,18.4328453,,,outside boundary
startup-gdańsk.xlsx - export.csv,1979,Rozgłos Gdyńska Akademia Dźwięku,Gdańsk,music_school,http://www.akademiarozglos.com/,54.4970946,18.4124276,,,outside boundary
startup-gdańsk.xlsx - export.csv,1981,SING Pracownia Wokalna,Gdańsk,music_school,https://singpracowniawokalna.as.me/,54.4912033,18.5333062,,,outside boundary
startup-gdańsk.xlsx - export.csv,1983,Studio Artystyczne Marty Kozakiewicz,Gdańsk,music_school,Ingen webbplats,54.2095772,19.1327669,,,outside boundary
startup-gdańsk.xlsx - export.csv,1985,Szkoła Muzyczna FURS MUSIC,Gdańsk,music_school,http://www.szkolamuzyczna.elblag.pl/,54.1588755,19.3964398,,,outside boundary
startup-gdańsk.xlsx - export.csv,1987,Szkoła Muzyczna im. Z. Noskowskiego w Gdyni,Gdańsk,music_school,http://www.szkolamuzgdynia.pl,54.5050339,18.5382306,,,outside boundary
startup-gdańsk.xlsx - export.csv,1988,Szkoła Muzyczna Yamaha Pruszcz Gdański | Pruszcz Gdanski,Gdańsk,music_school,http://www.pruszcz.yamahaszkola.pl/,54.2627271,18.6377155,,,outside boundary
startup-gdańsk.xlsx - export.csv,1990,Virtuo Music & Dance,Gdańsk,music_school,http://www.centrumvirtuo.pl/,54.518069,18.5418434,,,outside boundary
startup-gdańsk.xlsx - export.csv,1996,Leśna Wioska,Gdańsk,music_venue,http://instagram.com/lesnawioska,54.462279,18.540944,,,outside boundary
startup-gdańsk.xlsx - export.csv,1998,Muzyczna Kuźnia Talentów,Gdańsk,music_venue,http://muzycznakuzniatalentow.com.pl/,54.186085,18.6876617,,,outside boundary
startup-gdańsk.xlsx - export.csv,1999,Muzyczna Stacja Chylonia,Gdańsk,music_venue,Ingen webbplats,54.5453847,18.47085,,,outside boundary
startup-gdańsk.xlsx - export.csv,2000,Muzyka i Technologia,Gdańsk,music_venue,http://www.muzykaitechnologia.pl/,54.48834,18.421465,,,outside boundary
startup-gdańsk.xlsx - export.csv,2002,Pick&Roll Club,Gdańsk,music_venue,http://www.aquaparksopot.pl/,54.4595047,18.5574931,,,outside boundary
startup-gdańsk.xlsx - export.csv,2004,Podwórko Art,Gdańsk,music_venue,https://www.podworko.art/,54.5244824,18.5466564,,,outside boundary
startup-gdańsk.xlsx - export.csv,2008,Scena Sopot,Gdańsk,music_venue,http://www.scenasopot.pl/,54.4484055,18.5683866,,,outside boundary
startup-gdańsk.xlsx - export.csv,2011,Szafa grająca. Imprezownia Gdynia.,Gdańsk,music_venue,Ingen webbplats,54.5585911,18.512812,,,outside boundary
startup-gdańsk.xlsx - export.csv,2012,Ucho,Gdańsk,music_venue,Ingen webbplats,54.5244813,18.5467406,,,outside boundary
startup-gdańsk.xlsx - export.csv,2015,Złomowiec. Bar Mieszczański Vel Kaffehauze Pod Klonem,Gdańsk,music_venue,Ingen webbplats,54.5569833,18.4743261,,,outside boundary
startup-gdańsk.xlsx - export.csv,2047,Czytaj Dzieciom,Gdańsk,print_media,http://czytajdzieciom.pl/,54.2824843,18.595277,,,outside boundary
startup-gdańsk.xlsx - export.csv,2052,MAK,Gdańsk,print_media,Ingen webbplats,54.5203311,18.5360872,,,outside boundary
startup-gdańsk.xlsx - export.csv,2056,Gdynia Radio,Gdańsk,radio_station,http://gdyniaradio.com/,54.5214855,18.5407405,,,outside boundary
startup-gdańsk.xlsx - export.csv,2061,Radio Sopocki,Gdańsk,radio_station,http://www.sopocki.com/,54.430647,18.5622535,,,outside boundary
startup-gdańsk.xlsx - export.csv,2064,S7 Records,Gdańsk,record_label,http://s7records.pl/,54.4968745,18.5480064,,,outside boundary
startup-gdańsk.xlsx - export.csv,2066,Centrum Nauki Experyment,Gdańsk,science_museum,https://experyment.gdynia.pl/,54.4948276,18.5384148,,,outside boundary
startup-gdańsk.xlsx - export.csv,2150,Forest Opera,Gdańsk,theaters_and_performance_venues,http://www.operalesna.pl/,54.44468,18.54549,,,outside boundary
startup-gdańsk.xlsx - export.csv,2154,Bart. Bałtycka Agencja Artystyczna,Gdańsk,theatre,http://www.bart.sopot.pl/,54.4446088,18.5444789,,,outside boundary
startup-gdańsk.xlsx - export.csv,2156,Faktoria Kultury,Gdańsk,theatre,http://www.faktoriakultury.pl/,54.2521314,18.6288198,,,outside boundary
startup-gdańsk.xlsx - export.csv,2158,Forum Teatrów Chrześcijańskich,Gdańsk,theatre,http://kurtynamalykack.pl/,54.4881223,18.5295096,,,outside boundary
startup-gdańsk.xlsx - export.csv,2159,Fundacja Teatru Komedii Valldal,Gdańsk,theatre,http://teatrkomediivalldal.com/,54.5215478,18.5489315,,,outside boundary
startup-gdańsk.xlsx - export.csv,2162,Globaltica,Gdańsk,theatre,https://globaltica.pl/,54.4730935,18.555908,,,outside boundary
startup-gdańsk.xlsx - export.csv,2165,Kurtyna,Gdańsk,theatre,http://www.kurtynamalykack.pl/,54.48866,18.53017,,,outside boundary
startup-gdańsk.xlsx - export.csv,2169,Scena Letnia Teatru Miejskiego w Gdyni,Gdańsk,theatre,Ingen webbplats,54.4757256,18.5623435,,,outside boundary
startup-gdańsk.xlsx - export.csv,2172,Sopocki Teatr Muzyczny Baabus Musicalis,Gdańsk,theatre,https://forms.gle/4viFjDW5oC47y5hX8,54.4486026,18.5683139,,,outside boundary
startup-gdańsk.xlsx - export.csv,2174,Studio baletowe- Pas de deux,Gdańsk,theatre,http://www.naukabaletu.pl/,54.4357963,18.5584866,,,outside boundary
startup-gdańsk.xlsx - export.csv,2175,Teatr 3Arts,Gdańsk,theatre,Ingen webbplats,54.47665,18.51113,,,outside boundary
startup-gdańsk.xlsx - export.csv,2177,Teatr Atelier im. Agnieszki Osieckiej,Gdańsk,theatre,https://teatratelier.pl/,54.4453437,18.5662657,,,outside boundary
startup-gdańsk.xlsx - export.csv,2179,Teatr BOTO,Gdańsk,theatre,http://boto.art.pl/,54.4440932,18.5676912,,,outside boundary
startup-gdańsk.xlsx - export.csv,2180,Teatr Czwarte Miasto,Gdańsk,theatre,http://www.teatr4miasto.com/,54.5657501,18.4090245,,,outside boundary
startup-gdańsk.xlsx - export.csv,2181,Teatr Gargulec czyli teatr dla dzieci,Gdańsk,theatre,http://www.teatrgargulec.pl/,54.5139072,18.5325855,,,outside boundary
startup-gdańsk.xlsx - export.csv,2182,Teatr Gdynia Główna,Gdańsk,theatre,http://teatrgdyniaglowna.pl/,54.5212341,18.5304946,,,outside boundary
startup-gdańsk.xlsx - export.csv,2184,Teatr Korkoro,Gdańsk,theatre,Ingen webbplats,54.4484011,18.5683864,,,outside boundary
startup-gdańsk.xlsx - export.csv,2185,Teatr Miejski im. Witolda Gombrowicza,Gdańsk,theatre,http://www.teatrgombrowicza.art.pl/,54.5104399,18.5396036,,,outside boundary
startup-gdańsk.xlsx - export.csv,2186,Teatr Młodzieżowy Gminy Kosakowo,Gdańsk,theatre,Ingen webbplats,54.5884094,18.4927807,,,outside boundary
startup-gdańsk.xlsx - export.csv,2188,Teatr Muzyczny im. Danuty Baduszkowej,Gdańsk,theatre,http://www.muzyczny.org/,54.5164444,18.5456185,,,outside boundary
startup-gdańsk.xlsx - export.csv,2189,Teatr Na Plaży,Gdańsk,theatre,http://www.teatrnaplazy.pl/,54.4484176,18.5684239,,,outside boundary
startup-gdańsk.xlsx - export.csv,2190,Teatr niezależny Maszoperia,Gdańsk,theatre,http://www.maszoperia-art.com/teatr.php,54.5195837,18.5351681,,,outside boundary
startup-gdańsk.xlsx - export.csv,2192,Teatr Ubogi Relacji,Gdańsk,theatre,Ingen webbplats,54.43976,18.57063,,,outside boundary
startup-gdańsk.xlsx - export.csv,2194,Teatr Wybrzeże - Scena Kameralna,Gdańsk,theatre,http://www.teatrwybrzeze.pl/scena-kameralna,54.4435278,18.5653947,,,outside boundary
startup-gdańsk.xlsx - export.csv,2197,Ukryte Miejsce,Gdańsk,theatre,https://ukrytemiejsce.pl/,54.4426304,18.5603562,,,outside boundary
startup-gdańsk.xlsx - export.csv,2199,Teatr OFF Junior,Gdańsk,theatrical_productions,https://www.muzyczny.org/pl/edukacja/teatr-muzyczny-junior/teatr-off-junior.html,54.5169014,18.5460841,,,outside boundary
